Project Ref,"Calculation Design
Stage",UK District,GIFA (m2),Project Value (Â£m),Value Type,Project Sector,Construction Type,Storeys (#),Passivhaus?,Basement Type,Foundation Type,Ground Floor Type,Superstructure Type,Cladding Type,"Carbon A1-A3
(kgCO2e)","Carbon A1-A5
(kgCO2e)","Carbon A1-C4
(kgCO2e)","Carbon A1-D
(kgCO2e)","A1-A3 Rate
(kgCO2e/m2)","A1-A5 Rate
(kgCO2e/m2)","A1-C4 Rate
(kgCO2e/m2)","A1-D Rate
(kgCO2e/m2)","Construction Carbon
(A1-A5) (kgCO2e)","Construction %
Carbon (A1-A5)","Concrete Total Mass
(kg)","Concrete Total
Carbon (A1-A5)
(kgCO2e)","Concrete % Carbon
(A1-A5)","Masonry & Blockwork
Total Area (m2)","Masonry & Blockwork
Total Carbon (A1-A5)
(kgCO2e)","Masonry % Blockwork
% Carbon (A1-A5)","Reinforcement Total
Mass (kg)","Reinforcement Total
Carbon (A1-A5)
(kgCO2e)","Reinforcement %
Carbon (A1-A5)","Steel (Other) Total
Mass (kg)","Steel (Other) Total
Carbon (A1-A5)
(kgCO2e)","Steel (Other) %
Carbon (A1-A5)","Steel (Sections) Total
Mass (kg)","Steel (Sections) Total
Carbon (A1-A5)
(kgCO2e)","Steel (Sections) %
Carbon (A1-A5)","Timber (Plain) Total
Mass (kg)","Timber (Plain) Total
Carbon (A1-A5)
(kgCO2e)","Timber (Plain) %
Carbon (A1-A5)","Timber (Products)
Total Mass (kg)","Timber (Products)
Total Carbon (A1-A5)
(kgCO2e)","Timber (Products) %
Carbon (A1-A5)",Project Sector_Commercial,Project Sector_Cultural/Public,Project Sector_Educational,Project Sector_Healthcare,Project Sector_Industrial,Project Sector_Mixed Use,Project Sector_Other,Project Sector_Residential (Multi),Project Sector_Residential (Single),Project Sector_Science/Lab
1,Stage 4,OX4,5642,15.0,Whole Building,Residential (Multi),New Build (Greenfield),2,No,None,Mass Pads/Strips,Suspended Precast,Masonry/Timber,Masonry Only,776263,1136232,1269140,1220792,137.6,201.4,224.9,216.4,105000,0.092,2639542,212753,0.187,21635,654510,0.576,7617,16219,0.014,6150,19091,0.017,2450,3915,0.003,45863,17598,0.015,109390,107145,0.094,0,0,0,0,0,0,0,1,0,0
3,As-Built,TW3,9862,24.0,Whole Building,Educational,New Build (Brownfield),3,No,None,Piles (Pile Caps),Suspended RC,Concrete (In-Situ),Masonry Only,3119642,3637755,3812153,3365251,316.3,368.9,386.5,341.2,168000,0.046,13014984,1928667,0.53,7160,298775,0.082,541234,1152467,0.317,0,0,0.0,55614,88878,0.024,1947,968,0.0,0,0,0.0,0,0,1,0,0,0,0,0,0,0
5,Stage 3,N15,2290,2.0,Whole Building,Residential (Multi),New Build (Greenfield),3,No,None,Mass Pads/Strips,Suspended Precast,Masonry/Timber,Masonry Only,252796,328798,358757,343081,110.4,143.6,156.7,149.8,14000,0.043,999470,160833,0.489,4165,93293,0.284,0,0,0.0,0,0,0.0,30082,48074,0.146,25341,12597,0.038,0,0,0.0,0,0,0,0,0,0,0,1,0,0
6,Stage 3,BS16,1330,2.5,Whole Building,Residential (Multi),New Build (Brownfield),3,No,None,Mass Pads/Strips,Suspended Precast,Masonry/Timber,Masonry Only,276743,395560,435199,421671,208.1,297.4,327.2,317.0,17500,0.044,676453,93760,0.237,4112,246468,0.623,4662,9927,0.025,0,0,0.0,0,0,0.0,29509,11959,0.03,16280,15946,0.04,0,0,0,0,0,0,0,1,0,0
7,As-Built,IP31,1050,4.2,Whole Building,Cultural/Public,New Build (Greenfield),1,No,None,Mass Pads/Strips,Ground Bearing RC,Masonry/Timber,Masonry Only,296431,392868,438216,419961,282.3,374.2,417.3,400.0,29400,0.075,1734000,152248,0.388,3789,151058,0.384,5000,10647,0.027,0,0,0.0,25000,39953,0.102,27000,9563,0.024,0,0,0.0,0,1,0,0,0,0,0,0,0,0
8,Stage 5,SK17,876,1.5,Whole Building,Commercial,Mixed New Build/Refurb,3,No,Partial Footprint,Mass Pads/Strips,Suspended RC,Steel Frame/Precast,Masonry Only,239946,295119,316945,285115,273.9,336.9,361.8,325.5,10500,0.036,814220,97798,0.331,3669,82180,0.278,23639,50336,0.171,0,0,0.0,29421,47018,0.159,14660,7287,0.025,0,0,0.0,1,0,0,0,0,0,0,0,0,0
9,As-Built,W7,1400,4.5,Whole Building,Residential (Multi),New Build (Brownfield),3,No,None,Piled Ground Beams,Suspended RC,Masonry/Concrete,Masonry Only,289488,378672,405200,385486,206.8,270.5,289.4,275.3,31500,0.083,1175125,156266,0.413,3395,137769,0.364,24955,53138,0.14,0,0,0.0,0,0,0.0,0,0,0.0,0,0,0.0,0,0,0,0,0,0,0,1,0,0
10,As-Built,SN8,1534,9.0,Whole Building,Residential (Single),New Build (Greenfield),2,No,Partial Footprint,Raft,Suspended RC,Masonry/Concrete,Masonry/Stone,458585,603764,643842,580761,298.9,393.6,419.7,378.6,63000,0.104,1849680,221934,0.368,3056,141256,0.234,70058,149177,0.247,0,0,0.0,12948,20692,0.034,15500,7705,0.013,0,0,0.0,0,0,0,0,0,0,0,0,1,0
11,Stage 2,W6,1700,3.0,Whole Building,Residential (Multi),New Build (Brownfield),4,No,Full Footprint,Raft,Suspended RC,Masonry/Concrete,Masonry Only,510817,607903,639998,575344,300.5,357.6,376.5,338.4,21000,0.035,1645549,295658,0.486,2643,119513,0.197,76745,163416,0.269,0,0,0.0,5204,8316,0.014,0,0,0.0,0,0,0.0,0,0,0,0,0,0,0,1,0,0
12,As-Built,OX12,1975,12.3,Whole Building,Residential (Single),Mixed New Build/Refurb,3,No,Partial Footprint,Piles (Pile Caps),Suspended RC,Concrete (In-Situ),Masonry Only,838146,1028051,1107449,962694,424.4,520.5,560.7,487.4,86100,0.084,4394975,467267,0.455,2490,78249,0.076,174037,370583,0.36,0,0,0.0,11147,17814,0.017,16170,8038,0.008,0,0,0.0,0,0,0,0,0,0,0,0,1,0
13,Stage 4,CB2,300,3.0,Whole Building,Educational,New Build (Brownfield),3,No,None,Piled Ground Beams,Suspended RC,Masonry/Timber,Masonry Only,171056,230019,244964,221828,570.2,766.7,816.5,739.4,21000,0.091,356375,47759,0.208,2470,97137,0.422,25085,53414,0.232,0,0,0.0,1727,2760,0.012,9320,4633,0.02,3385,3316,0.014,0,0,1,0,0,0,0,0,0,0
14,As-Built,SL6,648,6.0,Whole Building,Residential (Single),New Build (Brownfield),2,No,None,Piled Ground Beams,Suspended Precast,Masonry/Timber,Masonry/Stone,193785,280516,299575,269423,299.1,432.9,462.3,415.8,42000,0.15,542248,62808,0.224,2284,94921,0.338,18447,39280,0.14,7920,24585,0.088,6250,9988,0.036,13950,6935,0.025,0,0,0.0,0,0,0,0,0,0,0,0,1,0
16,As-Built,W1,7922,40.0,Whole Building,Commercial,New Build (Brownfield),7,No,Full Footprint,Raft,Suspended RC,Concrete (In-Situ),Masonry/Stone,2057079,2530339,2638266,2273561,259.7,319.4,333.0,287.0,280000,0.111,7707360,1142140,0.451,2160,109021,0.043,450204,958634,0.379,0,0,0.0,24180,38642,0.015,3825,1901,0.001,0,0,0.0,1,0,0,0,0,0,0,0,0,0
17,Stage 4,IG7,3400,20.0,Whole Building,Educational,New Build (Brownfield),1,No,None,Reinforced Pads/Strips,Suspended RC,Other,Masonry Only,828212,1075496,1147248,1015166,243.6,316.3,337.4,298.6,140000,0.13,3546166,374071,0.348,2110,118248,0.11,103039,219404,0.204,0,0,0.0,123396,197201,0.183,10689,5313,0.005,29898,21258,0.02,0,0,1,0,0,0,0,0,0,0
18,Stage 5,NW3,1024,2.5,Whole Building,Residential (Single),New Build (Brownfield),4,No,Full Footprint,Raft,Suspended RC,Masonry/Concrete,Masonry Only,486044,581974,615048,556359,474.7,568.3,600.6,543.3,17500,0.03,1363512,195611,0.336,1940,210008,0.361,72100,153525,0.264,0,0,0.0,1638,2618,0.004,5456,2712,0.005,0,0,0.0,0,0,0,0,0,0,0,0,1,0
19,As-Built,OX1,2400,7.3,Whole Building,Educational,New Build (Greenfield),3,No,None,Piled Ground Beams,Suspended RC,Masonry/Concrete,Masonry/SFS,387459,500672,532196,486714,161.4,208.6,221.7,202.8,51100,0.102,1566650,213137,0.426,1940,103961,0.208,51331,109301,0.218,0,0,0.0,14500,23173,0.046,0,0,0.0,0,0,0.0,0,0,1,0,0,0,0,0,0,0
20,Stage 2,W8,3381,55.0,Whole Building,Residential (Single),Full Refurb,5,No,Full Footprint,Piles (Pile Caps),Suspended RC,Masonry/Timber,Masonry/Stone,4090908,4852199,5034011,4155826,1210.0,1435.1,1488.9,1229.2,385000,0.079,14626032,1922790,0.396,1883,154047,0.032,1096255,2334291,0.481,0,0,0.0,33111,52916,0.011,1830,910,0.0,2292,2245,0.0,0,0,0,0,0,0,0,0,1,0
21,Stage 3,SE5,2450,6.5,Whole Building,Residential (Multi),New Build (Brownfield),4,No,None,Piles (Pile Caps),Suspended RC,Concrete (In-Situ),Masonry/SFS,671614,795920,846698,737678,274.1,324.9,345.6,301.1,45500,0.057,2878644,385572,0.484,1855,69702,0.088,124660,265443,0.334,312,969,0.001,7020,11219,0.014,28380,10052,0.013,7620,7464,0.009,0,0,0,0,0,0,0,1,0,0
22,As-Built,CB3,398,0.7,Whole Building,Residential (Multi),New Build (Greenfield),3,No,None,Piled Ground Beams,Other,Other,Masonry Only,95701,123003,131393,124375,240.5,309.1,330.1,312.5,4900,0.04,174065,38421,0.312,1854,59311,0.482,5843,12442,0.101,0,0,0.0,4377,6995,0.057,1063,376,0.003,569,557,0.005,0,0,0,0,0,0,0,1,0,0
23,Stage 2,TW13,678,1.4,Whole Building,Residential (Multi),New Build (Greenfield),2,No,None,Mass Pads/Strips,Other,Masonry/Timber,Masonry Only,99986,137562,154239,147040,147.5,202.9,227.5,216.9,9800,0.071,542917,49469,0.36,1822,53905,0.392,1468,3126,0.023,0,0,0.0,8826,14105,0.103,10686,3785,0.028,3443,3373,0.025,0,0,0,0,0,0,0,1,0,0
24,As-Built,SW19,950,3.1,Whole Building,Residential (Multi),New Build (Brownfield),3,No,None,Piled Ground Beams,Suspended RC,Masonry/Timber,Masonry Only,155108,207943,230465,201559,163.3,218.9,242.6,212.2,21700,0.104,508856,54101,0.26,1804,56692,0.273,24334,51815,0.249,2363,7335,0.035,4000,6392,0.031,13171,4665,0.022,11027,5243,0.025,0,0,0,0,0,0,0,1,0,0
25,Stage 5,OX1,904,7.0,Whole Building,Educational,New Build (Greenfield),1,No,None,Piled Ground Beams,Suspended Precast,Steel Frame/Other,Masonry/Stone,371085,467411,491625,444158,410.5,517.0,543.8,491.3,49000,0.105,1440456,185092,0.396,1787,74444,0.159,11937,25418,0.054,10816,33575,0.072,54047,86373,0.185,19275,9582,0.02,5768,3927,0.008,0,0,1,0,0,0,0,0,0,0
26,As-Built,NW8,1154,5.0,Whole Building,Residential (Single),New Build (Brownfield),4,No,Full Footprint,Piles (Pile Caps),Suspended RC,Concrete (In-Situ),Masonry Only,581603,681169,714103,615938,504.0,590.3,618.8,533.7,35000,0.051,2489513,333343,0.489,1541,48427,0.071,124030,264101,0.388,0,0,0.0,0,0,0.0,840,298,0.0,0,0,0.0,0,0,0,0,0,0,0,0,1,0
27,Stage 4,TN31,1200,7.0,Whole Building,Cultural/Public,Mixed New Build/Refurb,2,No,None,Piles (Pile Caps),Ground Bearing RC,Masonry/Timber,Masonry Only,147630,220592,234619,206168,123.0,183.8,195.5,171.8,49000,0.222,357001,46041,0.209,1468,32885,0.149,15783,33608,0.152,3775,14755,0.067,17824,28484,0.129,7202,2551,0.012,20764,13268,0.06,0,1,0,0,0,0,0,0,0,0
28,As-Built,NW2,544,2.0,Whole Building,Residential (Multi),New Build (Brownfield),3,No,None,Piled Ground Beams,Suspended Precast,Masonry/Timber,Masonry Only,86529,121210,131072,110780,159.1,222.8,240.9,203.6,14000,0.116,174600,17431,0.144,1394,40307,0.333,6746,14364,0.119,9785,30375,0.251,0,0,0.0,9520,4732,0.039,0,0,0.0,0,0,0,0,0,0,0,1,0,0
29,Stage 5,OX3,662,4.0,Whole Building,Residential (Single),New Build (Brownfield),2,No,Full Footprint,Piles (Pile Caps),Suspended RC,Masonry/Timber,Other,296741,361597,383900,329985,448.2,546.2,579.9,498.5,28000,0.077,1159200,155225,0.429,1343,30082,0.083,58860,125333,0.347,0,0,0.0,6594,10538,0.029,14060,4980,0.014,10000,7438,0.021,0,0,0,0,0,0,0,0,1,0
30,As-Built,KT4,517,5.3,Whole Building,Residential (Multi),New Build (Greenfield),3,No,None,Mass Pads/Strips,Suspended Precast,Masonry/Concrete,Masonry Only,86160,140782,152469,146368,166.7,272.3,294.9,283.1,37100,0.264,476316,44949,0.319,1209,38017,0.27,3835,8166,0.058,0,0,0.0,6708,10720,0.076,3680,1829,0.013,0,0,0.0,0,0,0,0,0,0,0,1,0,0
31,Stage 2,TW13,421,0.8,Whole Building,Residential (Multi),New Build (Brownfield),2,No,None,Mass Pads/Strips,Other,Masonry/Timber,Masonry Only,74133,100496,113779,110488,176.1,238.7,270.3,262.4,5600,0.056,570248,49265,0.49,1189,35178,0.35,932,1985,0.02,96,298,0.003,2256,3605,0.036,6052,2927,0.029,1673,1639,0.016,0,0,0,0,0,0,0,1,0,0
32,Stage 4,CB22,579,1.8,Whole Building,Residential (Single),New Build (Brownfield),1,No,None,Mass Pads/Strips,Ground Bearing RC,Masonry/Timber,Masonry Only,120473,153851,166059,157976,208.1,265.7,286.8,272.8,12600,0.082,566742,70892,0.461,1180,40818,0.265,3567,7595,0.049,0,0,0.0,12034,19232,0.125,5460,2714,0.018,0,0,0.0,0,0,0,0,0,0,0,0,1,0
33,Stage 4,W6,325,2.0,Whole Building,Residential (Multi),New Build (Greenfield),4,No,Partial Footprint,Reinforced Pads/Strips,Timber,Steel Frame/Timber,Masonry Only,95977,127919,135837,121225,295.3,393.6,418.0,373.0,14000,0.109,247690,33152,0.259,1038,35367,0.276,13626,29014,0.227,0,0,0.0,6780,10835,0.085,3062,1522,0.012,4113,4029,0.031,0,0,0,0,0,0,0,1,0,0
34,As-Built,SW3,867,6.0,Whole Building,Residential (Single),New Build (Greenfield),4,No,Full Footprint,Raft,Suspended RC,Steel Frame/Other,Masonry Only,259893,333515,352655,308943,299.8,384.7,406.8,356.3,42000,0.126,1080888,127221,0.381,970,38181,0.114,48853,104024,0.312,0,0,0.0,12628,20181,0.061,3838,1908,0.006,0,0,0.0,0,0,0,0,0,0,0,0,1,0
35,Stage 5,CB3,590,4.0,Whole Building,Residential (Single),New Build (Brownfield),1,No,Full Footprint,Piles (Pile Caps),Suspended RC,Steel Frame/Timber,Masonry Only,305147,376248,400090,355703,517.2,637.7,678.1,602.9,28000,0.074,1261571,160102,0.426,968,47567,0.126,44510,94777,0.252,0,0,0.0,10490,16764,0.045,0,0,0.0,34157,29039,0.077,0,0,0,0,0,0,0,0,1,0
36,Stage 3,CM6,209,0.4,Whole Building,Residential (Single),New Build (Greenfield),2,No,None,Piled Ground Beams,Other,Masonry/Timber,Masonry Only,77866,96143,103214,94734,372.6,460.0,493.8,453.3,2800,0.029,222597,28988,0.302,835,40152,0.418,7554,16086,0.167,0,0,0.0,924,1477,0.015,6741,3228,0.034,3484,3413,0.035,0,0,0,0,0,0,0,0,1,0
37,Stage 3,SE17,1400,3.0,Whole Building,Mixed Use,New Build (Greenfield),4,No,None,Piles (Pile Caps),Ground Bearing RC,Concrete (In-Situ),Masonry Only,456914,524227,549537,461006,326.4,374.4,392.5,329.3,21000,0.04,1676032,224502,0.428,805,39557,0.075,111720,237889,0.454,0,0,0.0,800,1278,0.002,0,0,0.0,0,0,0.0,0,0,0,0,0,1,0,0,0,0
38,Stage 5,W3,360,0.9,Whole Building,Residential (Single),New Build (Brownfield),3,No,None,Piled Ground Beams,Suspended Precast,Masonry/Concrete,Masonry Only,88371,110736,117274,109662,245.5,307.6,325.8,304.6,6300,0.057,249060,52549,0.475,804,30614,0.276,7102,15123,0.137,0,0,0.0,2369,3786,0.034,1706,848,0.008,1548,1516,0.014,0,0,0,0,0,0,0,0,1,0
39,Stage 2,TW13,305,0.6,Whole Building,Residential (Single),New Build (Brownfield),3,No,None,Reinforced Pads/Strips,Other,Masonry/Concrete,Masonry Only,66250,84259,89386,80889,217.2,276.3,293.1,265.2,4200,0.05,146206,36340,0.431,745,22042,0.262,6033,12847,0.152,1541,4784,0.057,1778,2842,0.034,1264,448,0.005,772,756,0.009,0,0,0,0,0,0,0,0,1,0
40,As-Built,SL6,1100,2.4,Whole Building,Healthcare,New Build (Greenfield),2,No,None,Piles (Pile Caps),Suspended RC,Steel Frame/Timber,Masonry/SFS,228628,272513,290708,258486,207.8,247.7,264.3,235.0,16800,0.062,842113,121690,0.447,717,21212,0.078,18115,38573,0.142,0,0,0.0,40425,64604,0.237,19380,9634,0.035,0,0,0.0,0,0,0,1,0,0,0,0,0,0
41,Stage 2,TW13,227,0.7,Whole Building,Residential (Single),New Build (Brownfield),2,No,None,Reinforced Pads/Strips,Other,Masonry/Concrete,Masonry Only,46294,62118,67498,64299,203.9,273.6,297.3,283.3,4900,0.079,183040,29994,0.483,596,17637,0.284,719,1531,0.025,216,671,0.011,3862,6171,0.099,1273,451,0.007,778,762,0.012,0,0,0,0,0,0,0,0,1,0
42,Stage 2,TW13,222,0.6,Whole Building,Residential (Single),New Build (Brownfield),2,No,None,Mass Pads/Strips,Other,Concrete (Precast),Masonry Only,45070,60398,66705,63907,203.0,272.1,300.5,287.9,4200,0.07,253137,30396,0.503,593,17552,0.291,698,1486,0.025,305,947,0.016,2450,3915,0.065,1978,725,0.012,1202,1177,0.019,0,0,0,0,0,0,0,0,1,0
43,Stage 4,OX3,353,1.4,Whole Building,Cultural/Public,Mixed New Build/Refurb,1,No,None,Reinforced Pads/Strips,Suspended Precast,Steel Frame/Timber,Masonry Only,63193,83633,90989,84469,179.0,236.9,257.8,239.3,9800,0.117,324373,30632,0.366,591,18510,0.221,2759,5874,0.07,0,0,0.0,11237,17959,0.215,2420,857,0.01,0,0,0.0,0,1,0,0,0,0,0,0,0,0
44,Stage 5,SE16,7284,8.5,Whole Building,Residential (Multi),New Build (Brownfield),6,No,None,Mass Pads/Strips,Ground Bearing RC,Concrete (In-Situ),Masonry/SFS,1973563,2219310,2369117,1912370,270.9,304.7,325.2,262.5,59500,0.027,8360159,909158,0.41,539,27994,0.013,535090,1139385,0.513,24727,76758,0.035,4077,6516,0.003,0,0,0.0,0,0,0.0,0,0,0,0,0,0,0,1,0,0
45,Stage 4,PE29,5163,15.0,Whole Building,Healthcare,New Build (Brownfield),2,No,None,Reinforced Pads/Strips,Ground Bearing RC,Concrete (In-Situ),Lightweight Only,2743981,3080920,3200620,2573441,531.5,596.7,619.9,498.4,105000,0.034,9241175,1230541,0.399,534,16796,0.005,767922,1635161,0.531,978,3036,0.001,56557,90385,0.029,0,0,0.0,0,0,0.0,0,0,0,1,0,0,0,0,0,0
46,Stage 2,TW13,187,0.6,Whole Building,Residential (Single),New Build (Brownfield),2,No,None,Reinforced Pads/Strips,Other,Masonry/Concrete,Masonry Only,38228,51863,56948,55598,204.4,277.3,304.5,297.3,4200,0.081,215430,30373,0.586,492,14562,0.281,484,1031,0.02,0,0,0.0,853,1364,0.026,945,335,0.006,0,0,0.0,0,0,0,0,0,0,0,0,1,0
47,Stage 4,MK17,431,0.5,Whole Building,Residential (Single),New Build (Greenfield),2,No,None,Mass Pads/Strips,Suspended Precast,Steel Frame/Timber,Other,108264,128924,139233,130638,251.2,299.1,323.0,303.1,3500,0.027,515885,70006,0.543,467,19937,0.155,391,833,0.006,417,1294,0.01,15700,25090,0.195,4836,2074,0.016,6319,6189,0.048,0,0,0,0,0,0,0,0,1,0
48,As-Built,WD6,1900,6.3,Whole Building,Educational,New Build (Brownfield),4,No,Full Footprint,Piles (Pile Caps),Suspended RC,Concrete (In-Situ),Masonry/SFS,711121,822034,862493,740578,374.3,432.6,453.9,389.8,44100,0.054,3150000,420089,0.511,460,21256,0.026,147000,313012,0.381,1000,3104,0.004,12500,19976,0.024,1000,497,0.001,0,0,0.0,0,0,1,0,0,0,0,0,0,0
49,Stage 3,IP13,291,0.6,Whole Building,Residential (Single),New Build (Greenfield),1,No,None,Piled Ground Beams,Suspended Precast,Other,Masonry Only,176324,205306,215997,187989,605.9,705.5,742.3,646.0,4200,0.02,446924,73127,0.356,456,49363,0.24,31491,67055,0.327,0,0,0.0,5949,9507,0.046,2185,774,0.004,0,0,0.0,0,0,0,0,0,0,0,0,1,0
50,Stage 3,NW6,4117,7.0,Structure Only,Residential (Multi),New Build (Brownfield),11,No,None,Piles (Pile Caps),Suspended RC,Concrete (In-Situ),Masonry/SFS,1281970,1496774,1567063,1319568,311.4,363.6,380.6,320.5,98000,0.065,5332925,714118,0.477,421,17568,0.012,313285,667088,0.446,0,0,0.0,0,0,0.0,0,0,0.0,0,0,0.0,0,0,0,0,0,0,0,1,0,0
51,Stage 4,SW10,230,1.75,Whole Building,Residential (Single),New Build (Brownfield),5,No,Full Footprint,Raft,Suspended RC,Steel Frame/Composite,Masonry Only,47918,67297,71234,65893,208.3,292.6,309.7,286.5,12250,0.182,177602,23808,0.354,419,14696,0.218,4880,10392,0.154,0,0,0.0,3568,5702,0.085,1265,448,0.007,0,0,0.0,0,0,0,0,0,0,0,0,1,0
52,Stage 2,TW13,128,0.3,Whole Building,Residential (Single),New Build (Brownfield),2,No,None,Mass Pads/Strips,Other,Masonry/Timber,Masonry Only,21909,30694,34040,32481,171.2,239.8,265.9,253.8,2100,0.068,93235,7533,0.245,399,15887,0.518,126,268,0.009,279,866,0.028,2010,3212,0.105,1651,585,0.019,247,242,0.008,0,0,0,0,0,0,0,0,1,0
53,As-Built,KT24,3499,6.0,Whole Building,Cultural/Public,New Build (Greenfield),6,No,Partial Footprint,Piled Ground Beams,Suspended Precast,Steel Frame/Precast,Masonry Only,788399,885170,930851,782854,225.3,253.0,266.0,223.7,42000,0.047,2190245,268146,0.303,394,8815,0.01,78094,166287,0.188,0,0,0.0,245231,391907,0.443,6783,3372,0.004,6818,4642,0.005,0,1,0,0,0,0,0,0,0,0
54,As-Built,SM6,220,0.8,Whole Building,Educational,New Build (Brownfield),1,No,None,Piled Ground Beams,Suspended RC,Masonry/Timber,Masonry Only,61075,76080,81422,72058,277.6,345.8,370.1,327.5,5600,0.074,254987,31781,0.418,378,13647,0.179,10844,23090,0.304,0,0,0.0,0,0,0.0,3082,1532,0.02,630,429,0.006,0,0,1,0,0,0,0,0,0,0
55,Stage 4,OX7,1153,2.4,Whole Building,Residential (Multi),Mixed New Build/Refurb,2,No,None,Mass Pads/Strips,Ground Bearing RC,Masonry/Timber,Masonry/Stone,173476,211778,227420,200096,150.5,183.7,197.2,173.5,16800,0.079,831776,104716,0.494,361,14967,0.071,30157,64215,0.303,217,674,0.003,3531,5643,0.027,9361,4688,0.022,0,0,0.0,0,0,0,0,0,0,0,1,0,0
56,As-Built,LN1,1163,1.8,Whole Building,Industrial,New Build (Brownfield),1,No,None,Mass Pads/Strips,Ground Bearing RC,Concrete (Precast),Lightweight/SFS,228366,263647,280439,230414,196.4,226.7,241.1,198.1,12600,0.048,839829,74126,0.281,359,10621,0.04,3591,7646,0.029,20368,63226,0.24,59713,95427,0.362,0,0,0.0,0,0,0.0,0,0,0,0,1,0,0,0,0,0
57,Stage 5,CT2,8118,26.0,Whole Building,Educational,New Build (Brownfield),4,No,Partial Footprint,Piles (Pile Caps),Suspended RC,Concrete (In-Situ),Lightweight Only,2911820,3358306,3519727,3003969,358.7,413.7,433.6,370.0,182000,0.054,12859276,1721952,0.513,354,14772,0.004,607874,1294366,0.385,0,0,0.0,70049,111946,0.033,0,0,0.0,54517,33269,0.01,0,0,1,0,0,0,0,0,0,0
58,As-Built,OX12,456,0.5,Whole Building,Residential (Single),Mixed New Build/Refurb,2,No,None,Raft,Raft,Masonry/Timber,Masonry Only,28265,37446,41234,38425,62.0,82.1,90.4,84.3,3500,0.093,84380,9960,0.266,340,15205,0.406,2020,4302,0.115,0,0,0.0,2061,3293,0.088,2384,1185,0.032,0,0,0.0,0,0,0,0,0,0,0,0,1,0
59,Stage 5,RH10,1250,4.3,Whole Building,Educational,New Build (Brownfield),3,No,Partial Footprint,Reinforced Pads/Strips,Suspended Precast,Timber Frame (Glulam/CLT),Lightweight/SFS,195811,270210,292662,246906,156.6,216.2,234.1,197.5,30100,0.111,907665,91420,0.338,312,19856,0.073,16560,35262,0.13,0,0,0.0,0,0,0.0,0,0,0.0,151972,93573,0.346,0,0,1,0,0,0,0,0,0,0
60,Stage 4,N16,476,1.0,Whole Building,Residential (Single),New Build (Brownfield),4,No,Full Footprint,Raft,Other,Steel Frame/Timber,Masonry Only,139873,161775,170966,142464,293.9,339.9,359.2,299.3,7000,0.043,480866,64431,0.398,303,6787,0.042,26538,56508,0.349,1376,4271,0.026,11760,18794,0.116,8013,3983,0.025,0,0,0.0,0,0,0,0,0,0,0,0,1,0
61,As-Built,N5,7970,23.0,Whole Building,Educational,Mixed New Build/Refurb,5,No,Full Footprint,Piles (Pile Caps),Suspended RC,Steel Frame/Composite,Lightweight/SFS,576783,780930,828246,716710,72.4,98.0,103.9,89.9,161000,0.206,1545186,206912,0.265,263,14281,0.018,63811,135874,0.174,7301,22664,0.029,149204,238446,0.305,3527,1753,0.002,0,0,0.0,0,0,1,0,0,0,0,0,0,0
62,Stage 2,TN34,450,1.0,Whole Building,Commercial,Mixed New Build/Refurb,2,No,Partial Footprint,Other,Other,Steel Frame/Timber,Lightweight/SFS,50217,61206,65221,54767,111.6,136.0,144.9,121.7,7000,0.114,28298,2501,0.041,262,5857,0.096,0,0,0.0,0,0,0.0,27578,44073,0.72,5010,1775,0.029,0,0,0.0,1,0,0,0,0,0,0,0,0,0
63,Stage 4,N3,1143,8.5,Whole Building,Residential (Single),Mixed New Build/Refurb,3,No,Partial Footprint,Mass Pads/Strips,Ground Bearing RC,Steel Frame/Timber,Masonry Only,97700,169713,179924,165375,85.5,148.5,157.4,144.7,59500,0.351,339113,40182,0.237,256,22244,0.131,11829,25187,0.148,0,0,0.0,13512,21594,0.127,2842,1007,0.006,0,0,0.0,0,0,0,0,0,0,0,0,1,0
64,As-Built,EX23,220,0.4,Whole Building,Residential (Single),New Build (Greenfield),1,No,None,Mass Pads/Strips,Ground Bearing RC,Masonry/Timber,Masonry Only,31180,42200,47270,46119,141.7,191.8,214.9,209.6,2800,0.066,195582,17799,0.422,238,17547,0.416,625,1331,0.032,0,0,0.0,0,0,0.0,431,153,0.004,2624,2570,0.061,0,0,0,0,0,0,0,0,1,0
65,Stage 5,SE24,108,1.4,Whole Building,Residential (Single),New Build (Brownfield),3,No,None,Mass Pads/Strips,Suspended RC,Masonry/Timber,Other,23836,38464,41726,40587,220.7,356.2,386.4,375.8,9800,0.255,142896,13406,0.349,228,12270,0.319,1169,2488,0.065,0,0,0.0,0,0,0.0,1005,500,0.013,0,0,0.0,0,0,0,0,0,0,0,0,1,0
66,Stage 5,HA8,126,0.7,Whole Building,Educational,New Build (Brownfield),2,No,None,Piled Ground Beams,Suspended RC,Masonry/Timber,Masonry Only,31980,42376,45674,40908,253.8,336.3,362.5,324.7,4900,0.116,108722,14791,0.349,222,8990,0.212,4319,9196,0.217,0,0,0.0,609,973,0.023,2724,967,0.023,2612,2558,0.06,0,0,1,0,0,0,0,0,0,0
67,Stage 5,W6,127,0.3,Whole Building,Educational,New Build (Brownfield),1,No,None,Mass Pads/Strips,Ground Bearing RC,Masonry/Timber,Masonry Only,24482,31466,35561,33444,192.8,247.8,280.0,263.3,2100,0.067,173496,15787,0.502,217,7074,0.225,870,1853,0.059,0,0,0.0,1442,2305,0.073,3087,1093,0.035,1279,1253,0.04,0,0,1,0,0,0,0,0,0,0
68,Stage 4,RG8,300,0.9,Whole Building,Residential (Single),Mixed New Build/Refurb,2,No,None,Piled Ground Beams,Suspended RC,Steel Frame/Timber,Masonry Only,44860,57324,61294,56911,149.5,191.1,204.3,189.7,6300,0.11,199426,26664,0.465,210,7618,0.133,1980,4216,0.074,0,0,0.0,7402,11829,0.206,1403,697,0.012,0,0,0.0,0,0,0,0,0,0,0,0,1,0
69,Stage 5,W6,61,0.3,Whole Building,Residential (Single),New Build (Greenfield),3,No,Partial Footprint,Reinforced Pads/Strips,Suspended RC,Steel Frame/Timber,Masonry Only,19053,24915,26726,25038,312.3,408.4,438.1,410.5,2100,0.084,66890,8863,0.356,210,8403,0.337,1289,2745,0.11,0,0,0.0,1020,1630,0.065,617,307,0.012,885,867,0.035,0,0,0,0,0,0,0,0,1,0
70,Stage 3,SW10,427,1.2,Whole Building,Residential (Single),Mixed New Build/Refurb,3,No,Full Footprint,Raft,Ground Bearing RC,Steel Frame/Composite,Masonry Only,141377,162714,169848,138714,331.1,381.1,397.8,324.9,8400,0.052,405772,54300,0.334,163,9311,0.057,33745,71855,0.442,307,953,0.006,10781,17229,0.106,1883,667,0.004,0,0,0.0,0,0,0,0,0,0,0,0,1,0
71,As-Built,NG8,1643,1.8,Whole Building,Commercial,New Build (Brownfield),3,No,None,Piled Ground Beams,Suspended RC,Steel Frame/Composite,Masonry/SFS,353436,395015,416452,338939,215.1,240.4,253.5,206.3,12600,0.032,1095594,121281,0.307,151,4730,0.012,33495,71322,0.181,16683,51787,0.131,82341,131590,0.333,4813,1705,0.004,0,0,0.0,1,0,0,0,0,0,0,0,0,0
72,Stage 3,CB2,1620,4.1,Whole Building,Educational,New Build (Brownfield),6,No,Partial Footprint,Mass Pads/Strips,Suspended RC,Timber Frame (Glulam/CLT),Masonry Only,323659,418259,438763,343637,199.8,258.2,270.8,212.1,28700,0.069,872224,116797,0.279,147,7419,0.018,42370,90220,0.216,0,0,0.0,3385,5409,0.013,1810,900,0.002,279595,168813,0.404,0,0,1,0,0,0,0,0,0,0
73,Stage 3,SS14,5760,25.0,Whole Building,Mixed Use,New Build (Brownfield),11,No,Partial Footprint,Piles (Pile Caps),Suspended RC,Concrete (In-Situ),Precast/GRC,1856748,2202571,2317605,2022740,322.4,382.4,402.4,351.2,175000,0.079,9279151,1214459,0.551,131,11310,0.005,368806,785311,0.357,0,0,0.0,10319,16491,0.007,0,0,0.0,0,0,0.0,0,0,0,0,0,1,0,0,0,0
74,Stage 3,LL65,455,3.0,Whole Building,Cultural/Public,New Build (Greenfield),1,No,None,Mass Pads/Strips,Suspended RC,Timber Frame (Glulam/CLT),Precast/GRC,110407,152949,164779,143148,242.7,336.2,362.2,314.6,21000,0.137,477501,60327,0.394,117,7446,0.049,7721,16441,0.107,0,0,0.0,3432,5485,0.036,6730,2384,0.016,60085,39170,0.256,0,1,0,0,0,0,0,0,0,0
75,Stage 3,TW20,1433,3.0,Whole Building,Residential (Multi),New Build (Brownfield),4,No,None,Mass Pads/Strips,Suspended RC,Concrete (In-Situ),Masonry/SFS,297702,347912,371449,322067,207.7,242.8,259.2,224.8,21000,0.06,1462025,172757,0.497,115,13113,0.038,55127,117384,0.337,0,0,0.0,13537,21633,0.062,5718,2025,0.006,0,0,0.0,0,0,0,0,0,0,0,1,0,0
76,As-Built,LE16,2368,6.6,Whole Building,Commercial,New Build (Brownfield),4,No,None,Mass Pads/Strips,Ground Bearing RC,Steel Frame/Precast,Masonry/SFS,519307,608600,649948,595734,219.3,257.0,274.5,251.6,46200,0.076,2811131,318277,0.523,112,7154,0.012,11273,24004,0.039,0,0,0.0,133260,212965,0.35,0,0,0.0,0,0,0.0,1,0,0,0,0,0,0,0,0,0
77,Stage 5,SE18,189,0.4,Whole Building,Cultural/Public,New Build (Brownfield),1,No,None,Other,Timber,Timber Frame (Softwood),Lightweight Only,7376,13405,16516,14170,39.0,70.9,87.4,75.0,2800,0.209,0,0,0.0,97,2870,0.214,0,0,0.0,0,0,0.0,0,0,0.0,4743,1680,0.125,6168,6041,0.451,0,1,0,0,0,0,0,0,0,0
78,Stage 5,OX17,75,1.0,Whole Building,Commercial,New Build (Brownfield),1,No,None,Mass Pads/Strips,Ground Bearing RC,Other,Stone,12866,21693,22779,21747,171.5,289.2,303.7,290.0,7000,0.323,57067,7440,0.343,92,2880,0.133,262,558,0.026,0,0,0.0,2348,3752,0.173,127,63,0.003,0,0,0.0,1,0,0,0,0,0,0,0,0,0
79,Stage 5,NG2,191,0.4,Whole Building,Residential (Single),New Build (Brownfield),3,No,None,Reinforced Pads/Strips,Ground Bearing RC,Steel Frame/Timber,Timber Only,27438,34587,39370,33507,143.7,181.1,206.1,175.4,2800,0.081,84574,9946,0.288,92,2707,0.078,1753,3734,0.108,279,866,0.025,5729,9155,0.265,5198,2370,0.069,4853,3009,0.087,0,0,0,0,0,0,0,0,1,0
80,Stage 4,SW3,527,1.5,Whole Building,Residential (Single),Full Refurb,4,No,Full Footprint,Raft,Suspended RC,Steel Frame/Timber,Masonry Only,172194,197608,207869,172788,326.7,375.0,394.4,327.9,10500,0.053,606718,80429,0.407,88,3301,0.017,35023,74576,0.377,500,1552,0.008,15535,24826,0.126,6842,2423,0.012,0,0,0.0,0,0,0,0,0,0,0,0,1,0
81,Stage 5,WC1,374,1.0,Whole Building,Commercial,Mixed New Build/Refurb,3,No,Partial Footprint,Mass Pads/Strips,Other,Steel Frame/Composite,Other,72252,85793,90597,77872,193.2,229.4,242.2,208.2,7000,0.082,258483,33341,0.389,85,2866,0.033,10293,21917,0.255,0,0,0.0,12375,19777,0.231,1795,892,0.01,0,0,0.0,1,0,0,0,0,0,0,0,0,0
82,Stage 4,E1,2490,6.0,Whole Building,Commercial,New Build (Greenfield),12,No,Full Footprint,Piles (Pile Caps),Suspended RC,Concrete (In-Situ),Masonry Only,812914,925726,969855,815798,326.5,371.8,389.5,327.6,42000,0.045,3423275,455968,0.493,71,2089,0.002,188421,401212,0.433,0,0,0.0,15304,24458,0.026,0,0,0.0,0,0,0.0,1,0,0,0,0,0,0,0,0,0
83,Stage 5,HA8,1624,7.7,Whole Building,Educational,New Build (Brownfield),2,No,None,Piled Ground Beams,Suspended RC,Other,Masonry/SFS,483008,586292,619643,529185,297.4,361.0,381.6,325.9,53900,0.092,2010074,278005,0.474,68,1527,0.003,91557,194955,0.333,3368,15927,0.027,9264,14805,0.025,24408,11990,0.02,15500,15182,0.026,0,0,1,0,0,0,0,0,0,0
84,Stage 5,CV1,621,2.1,Whole Building,Cultural/Public,Mixed New Build/Refurb,2,No,None,Piled Ground Beams,Ground Bearing RC,Steel Frame/Timber,Other,64819,86957,93327,81167,104.4,140.0,150.3,130.7,14700,0.169,138899,17151,0.197,68,4328,0.05,2672,5690,0.065,0,0,0.0,23021,36790,0.423,3784,1881,0.022,6552,6418,0.074,0,1,0,0,0,0,0,0,0,0
85,As-Built,IG11,8748,18.0,Whole Building,Residential (Multi),New Build (Brownfield),7,No,Partial Footprint,Piled Ground Beams,Suspended RC,Concrete (In-Situ),Masonry Only,2141831,2468449,2615550,2344178,244.8,282.2,299.0,268.0,126000,0.051,12006497,1607759,0.651,51,3246,0.001,343509,731445,0.296,0,0,0.0,0,0,0.0,0,0,0.0,0,0,0.0,0,0,0,0,0,0,0,1,0,0
86,Stage 4,E1,300,2.0,Whole Building,Commercial,New Build (Greenfield),2,No,Full Footprint,Piles (Pile Caps),Suspended RC,Concrete (In-Situ),Other,132479,158488,165356,139790,441.6,528.3,551.2,466.0,14000,0.088,554755,74074,0.467,51,1504,0.009,32358,68900,0.435,0,0,0.0,0,0,0.0,19,9,0.0,0,0,0.0,1,0,0,0,0,0,0,0,0,0
87,As-Built,CB1,5620,23.0,Whole Building,Cultural/Public,New Build (Brownfield),2,No,Full Footprint,Piles (Pile Caps),Suspended RC,Timber Frame (Glulam/CLT),Other,1827419,2231544,2423607,1983292,325.2,397.1,431.2,352.9,161000,0.072,8266700,842783,0.378,48,3055,0.001,405500,863444,0.387,0,0,0.0,0,0,0.0,0,0,0.0,558000,361262,0.162,0,1,0,0,0,0,0,0,0,0
88,As-Built,W2,414,2.0,Whole Building,Residential (Single),Mixed New Build/Refurb,6,No,Full Footprint,Raft,Other,Other,Masonry Only,160854,189709,198060,170729,388.5,458.2,478.4,412.4,14000,0.074,637951,94526,0.498,45,1798,0.009,28518,60723,0.32,871,2705,0.014,8088,12925,0.068,2234,1111,0.006,1961,1921,0.01,0,0,0,0,0,0,0,0,1,0
89,As-Built,G84,1582,4.5,Whole Building,Cultural/Public,Full Refurb,1,No,None,Reinforced Pads/Strips,Other,Steel Frame/Other,Lightweight Only,518226,578028,600903,497709,327.6,365.4,379.8,314.6,31500,0.054,674305,87210,0.151,44,2775,0.005,12041,25639,0.044,0,0,0.0,258736,413490,0.715,0,0,0.0,25578,17415,0.03,0,1,0,0,0,0,0,0,0,0
90,Stage 4,NG1,310,0.5,Whole Building,Educational,Mixed New Build/Refurb,3,No,None,Mass Pads/Strips,Suspended RC,Timber Frame (Glulam/CLT),Masonry Only,27386,50661,71466,53566,88.3,163.4,230.5,172.8,3500,0.069,28992,3605,0.071,41,1235,0.024,80,170,0.003,0,0,0.0,1123,1795,0.035,81185,40357,0.797,0,0,0.0,0,0,1,0,0,0,0,0,0,0
91,Stage 5,TN17,147,2.0,Whole Building,Residential (Single),New Build (Greenfield),1,No,None,Other,Suspended RC,Steel Frame/Other,Glazed/Curtain Wall,62457,82052,85193,70831,424.9,558.2,579.5,481.8,14000,0.171,165536,22205,0.271,27,1423,0.017,10612,22597,0.275,1819,5647,0.069,8986,14361,0.175,0,0,0.0,2428,1820,0.022,0,0,0,0,0,0,0,0,1,0
92,Stage 5,DE55,767,1.0,Whole Building,Residential (Single),New Build (Greenfield),4,No,Full Footprint,Reinforced Pads/Strips,Ground Bearing RC,Steel Frame/Other,Lightweight Only,535162,584352,604314,471079,697.7,761.9,787.9,614.2,7000,0.012,1445247,190793,0.327,25,693,0.001,141221,300707,0.515,5180,16080,0.028,42838,68460,0.117,1245,619,0.001,0,0,0.0,0,0,0,0,0,0,0,0,1,0
93,Stage 5,N6,120,0.4,Whole Building,Residential (Single),Full Refurb,4,No,Partial Footprint,Other,Timber,Steel Frame/Timber,Masonry Only,10730,14613,15503,14088,89.4,121.8,129.2,117.4,2800,0.192,21153,2833,0.194,22,2554,0.175,91,193,0.013,0,0,0.0,3852,6155,0.421,157,78,0.005,0,0,0.0,0,0,0,0,0,0,0,0,1,0
94,As-Built,MK18,1311,3.3,Whole Building,Educational,Mixed New Build/Refurb,2,No,None,Mass Pads/Strips,Suspended RC,Steel Frame/Composite,Glazed/Curtain Wall,307109,359069,393150,356857,234.3,273.9,299.9,272.2,23100,0.064,2076510,197451,0.55,16,1754,0.005,16685,35528,0.099,2314,7183,0.02,58718,93838,0.261,433,215,0.001,0,0,0.0,0,0,1,0,0,0,0,0,0,0
95,Stage 3,CB2,800,2.0,Whole Building,Educational,Mixed New Build/Refurb,4,No,None,Mass Pads/Strips,Suspended RC,Other,Masonry Only,82635,110375,117019,95493,103.3,138.0,146.3,119.4,14000,0.127,257230,31693,0.287,16,1743,0.016,11226,23905,0.217,0,0,0.0,5425,8670,0.079,0,0,0.0,50291,30365,0.275,0,0,1,0,0,0,0,0,0,0
96,As-Built,HP4,340,1.1,Whole Building,Residential (Single),New Build (Brownfield),2,No,Partial Footprint,Mass Pads/Strips,Suspended RC,Concrete (In-Situ),Other,65609,80461,88045,75641,193.0,236.6,259.0,222.5,7700,0.096,395600,36452,0.453,15,737,0.009,13340,28405,0.353,0,0,0.0,3400,5434,0.068,2800,1392,0.017,500,340,0.004,0,0,0,0,0,0,0,0,1,0
97,Stage 5,LE1,686,5.0,Whole Building,Cultural/Public,Mixed New Build/Refurb,4,Yes,Partial Footprint,Other,Suspended RC,Concrete (In-Situ),Stone,363819,431262,450694,386477,530.3,628.7,657.0,563.4,35000,0.081,1619280,216950,0.503,15,948,0.002,77238,164465,0.381,0,0,0.0,8007,12796,0.03,2218,1103,0.003,0,0,0.0,0,1,0,0,0,0,0,0,0,0
98,As-Built,SE22,4631,17.0,Whole Building,Healthcare,New Build (Brownfield),3,No,None,Piled Ground Beams,Suspended RC,Concrete (In-Situ),Masonry/SFS,1164255,1392456,1492315,1306862,251.4,300.7,322.2,282.2,119000,0.085,6406200,763877,0.549,13,625,0.0,229010,487639,0.35,0,0,0.0,13338,21316,0.015,0,0,0.0,0,0,0.0,0,0,0,1,0,0,0,0,0,0
99,As-Built,WD4,234,1.0,Whole Building,Residential (Single),New Build (Brownfield),2,No,None,Piles (Pile Caps),Suspended RC,Timber Frame (Glulam/CLT),Other,39774,52217,62818,53675,170.0,223.1,268.5,229.4,7000,0.134,194052,20631,0.395,13,409,0.008,5998,12772,0.245,0,0,0.0,1948,3113,0.06,761,378,0.007,16646,7914,0.152,0,0,0,0,0,0,0,0,1,0
101,Stage 5,SW10,4640,10.0,Whole Building,Residential (Multi),New Build (Brownfield),7,No,None,Mass Pads/Strips,Suspended RC,Timber Frame (Glulam/CLT),Lightweight Only,820343,1031623,1088155,860653,176.8,222.3,234.5,185.5,70000,0.068,2591257,303424,0.294,0,0,0.0,118239,251770,0.244,0,0,0.0,45841,73259,0.071,0,0,0.0,551198,333170,0.323,0,0,0,0,0,0,0,1,0,0
102,As-Built,SW19,742,3.7,Whole Building,Cultural/Public,Mixed New Build/Refurb,2,No,None,Reinforced Pads/Strips,Ground Bearing RC,Steel Frame/Precast,Masonry/SFS,131643,174041,192960,170815,177.4,234.6,260.1,230.2,25900,0.149,654929,65348,0.375,0,0,0.0,3819,8132,0.047,0,0,0.0,37483,59902,0.344,29689,14758,0.085,0,0,0.0,0,1,0,0,0,0,0,0,0,0
103,As-Built,OX1,4180,18.0,Whole Building,Educational,New Build (Greenfield),5,No,Partial Footprint,Piles (Pile Caps),Suspended RC,Concrete (In-Situ),SFS/Stone,1364617,1627204,1760425,1504019,326.5,389.3,421.2,359.8,126000,0.077,7892945,806507,0.496,0,0,0.0,316313,673536,0.414,0,0,0.0,7500,11986,0.007,18459,9176,0.006,0,0,0.0,0,0,1,0,0,0,0,0,0,0
105,As-Built,UB2,4500,8.0,Whole Building,Residential (Multi),New Build (Brownfield),6,No,None,Piles (Pile Caps),Suspended RC,Concrete (In-Situ),Masonry/SFS,925507,1065123,1126038,974381,205.7,236.7,250.2,216.5,56000,0.053,4521046,600246,0.564,0,0,0.0,191903,408625,0.384,0,0,0.0,158,253,0.0,0,0,0.0,0,0,0.0,0,0,0,0,0,0,0,1,0,0
106,As-Built,UB2,3900,8.0,Whole Building,Residential (Multi),New Build (Brownfield),6,No,None,Piles (Pile Caps),Suspended RC,Concrete (In-Situ),Masonry/SFS,1046054,1197449,1263890,1104077,268.2,307.0,324.1,283.1,56000,0.047,5333202,710642,0.593,0,0,0.0,202261,430681,0.36,0,0,0.0,79,126,0.0,0,0,0.0,0,0,0.0,0,0,0,0,0,0,0,1,0,0
107,As-Built,OX4,1724,5.0,Whole Building,Educational,New Build (Brownfield),2,No,None,Piled Ground Beams,Suspended RC,Steel Frame/Composite,Masonry/SFS,527502,601682,630750,503138,306.0,349.0,365.9,291.8,35000,0.058,1402014,149060,0.248,0,0,0.0,78324,166778,0.277,18627,57822,0.096,120545,192645,0.32,760,378,0.001,0,0,0.0,0,0,1,0,0,0,0,0,0,0
108,As-Built,SE10,2772,21.0,Whole Building,Commercial,New Build (Brownfield),3,No,None,Piles (Pile Caps),Suspended RC,Steel Frame/Composite,Glazed/Curtain Wall,1062330,1282887,1327616,1107205,383.2,462.8,478.9,399.4,147000,0.115,2819311,356480,0.278,0,0,0.0,99800,212507,0.166,31780,98652,0.077,293000,468248,0.365,0,0,0.0,0,0,0.0,1,0,0,0,0,0,0,0,0,0
109,As-Built,W5,1555,5.0,Whole Building,Educational,New Build (Brownfield),4,Yes,Partial Footprint,Piled Ground Beams,Suspended RC,Timber Frame (Glulam/CLT),Masonry Only,206726,324065,344358,-406845,132.9,208.4,221.5,-261.6,35000,0.108,724400,97003,0.299,0,0,0.0,31261,66565,0.205,792,2459,0.008,3858,6166,0.019,0,0,0.0,418100,116874,0.361,0,0,1,0,0,0,0,0,0,0
110,As-Built,DT9,1874,11.0,Whole Building,Educational,New Build (Brownfield),2,No,None,Mass Pads/Strips,Ground Bearing RC,Timber Frame (Glulam/CLT),Masonry Only,519300,678534,713903,506346,277.1,362.1,381.0,270.2,77000,0.113,1629830,160328,0.236,0,0,0.0,87733,186813,0.275,0,0,0.0,46865,74896,0.11,2368,1177,0.002,296095,178321,0.263,0,0,1,0,0,0,0,0,0,0
111,As-Built,NW3,2349,11.0,Whole Building,Educational,New Build (Brownfield),9,No,Full Footprint,Piles (Pile Caps),Suspended RC,Concrete (In-Situ),Masonry/SFS,1609361,1826838,1924483,1532081,685.1,777.7,819.3,652.2,77000,0.042,6271598,677447,0.371,0,0,0.0,487416,1037871,0.568,0,0,0.0,21600,34519,0.019,0,0,0.0,0,0,0.0,0,0,1,0,0,0,0,0,0,0
112,As-Built,SE25,7755,20.0,Whole Building,Educational,Mixed New Build/Refurb,3,No,None,Piled Ground Beams,Suspended RC,Steel Frame/Precast,Masonry/SFS,1577187,1838487,1928077,1676275,203.4,237.1,248.6,216.2,140000,0.076,6080786,836863,0.455,0,0,0.0,162571,346168,0.188,20618,64002,0.035,282320,451180,0.245,774,274,0.0,0,0,0.0,0,0,1,0,0,0,0,0,0,0
113,As-Built,SE25,2100,8.5,Whole Building,Educational,New Build (Brownfield),1,No,None,Piles (Pile Caps),Suspended RC,Steel Frame/Other,Masonry Only,457731,555326,584536,468825,218.0,264.4,278.4,223.2,59500,0.107,1392000,146933,0.265,0,0,0.0,73633,156789,0.282,25275,78459,0.141,71112,113645,0.205,0,0,0.0,0,0,0.0,0,0,1,0,0,0,0,0,0,0
115,As-Built,SE5,5705,5.0,Whole Building,Residential (Multi),New Build (Brownfield),4,No,None,Piles (Pile Caps),Suspended RC,Concrete (In-Situ),Masonry/SFS,1328977,1480047,1556650,1297156,232.9,259.4,272.9,227.4,35000,0.024,5548740,745223,0.504,0,0,0.0,328051,698529,0.472,0,0,0.0,643,1028,0.001,538,267,0.0,0,0,0.0,0,0,0,0,0,0,0,1,0,0
116,Stage 5,NW6,3460,15.0,Whole Building,Educational,New Build (Brownfield),2,No,None,Piled Ground Beams,Suspended RC,Timber Frame (Glulam/CLT),Masonry Only,936764,1184002,1234827,1000809,270.7,342.2,356.9,289.3,105000,0.089,2793100,374017,0.316,0,0,0.0,116327,247699,0.209,0,0,0.0,90435,144525,0.122,0,0,0.0,518007,312761,0.264,0,0,1,0,0,0,0,0,0,0
118,Stage 5,E3,9483,27.0,Whole Building,Mixed Use,New Build (Brownfield),10,No,None,Piles (Pile Caps),Ground Bearing RC,Concrete (In-Situ),Other,2608332,3036346,3203044,2822950,275.1,320.2,337.8,297.7,189000,0.062,13612812,1822856,0.6,0,0,0.0,481132,1024490,0.337,0,0,0.0,0,0,0.0,0,0,0.0,0,0,0.0,0,0,0,0,0,1,0,0,0,0
120,Stage 5,E2,2276,7.0,Whole Building,Mixed Use,New Build (Brownfield),7,No,Full Footprint,Raft,Raft,Other,Masonry/Stone,581091,702367,732403,595064,255.3,308.6,321.8,261.5,49000,0.07,1916136,271791,0.387,0,0,0.0,120324,256210,0.365,0,0,0.0,10296,16454,0.023,0,0,0.0,180384,108912,0.155,0,0,0,0,0,1,0,0,0,0
122,Stage 3,CB1,4115,12.0,Whole Building,Educational,New Build (Brownfield),4,No,None,Piled Ground Beams,Suspended RC,Other,Other,636748,883243,924112,700834,154.7,214.6,224.6,170.3,84000,0.095,1195570,172862,0.196,0,0,0.0,53073,113011,0.128,0,0,0.0,6000,9589,0.011,0,0,0.0,834000,503782,0.57,0,0,1,0,0,0,0,0,0,0
123,As-Built,W1,1712,8.0,Whole Building,Commercial,New Build (Brownfield),6,No,Full Footprint,Piled Ground Beams,Suspended RC,Concrete (In-Situ),SFS/Stone,721007,845185,905559,759839,421.1,493.7,528.9,443.8,56000,0.066,3770966,396208,0.469,0,0,0.0,184324,392487,0.464,0,0,0.0,306,489,0.001,0,0,0.0,0,0,0.0,1,0,0,0,0,0,0,0,0,0
125,As-Built,OX2,2139,7.7,Whole Building,Educational,New Build (Brownfield),3,No,None,Piles (Pile Caps),Suspended RC,Concrete (In-Situ),Masonry/Stone,620941,733807,784204,644830,290.3,343.1,366.6,301.5,53900,0.073,2580000,278277,0.379,0,0,0.0,151280,322125,0.439,0,0,0.0,36145,57764,0.079,12201,6065,0.008,23023,15675,0.021,0,0,1,0,0,0,0,0,0,0
126,As-Built,OX2,1730,11.9,Whole Building,Educational,New Build (Brownfield),5,No,Full Footprint,Piles (Pile Caps),Suspended RC,Concrete (In-Situ),Masonry/Stone,810028,965429,1025328,871577,468.2,558.1,592.7,503.8,83300,0.086,3919200,426466,0.442,0,0,0.0,167149,355916,0.369,0,0,0.0,61044,97555,0.101,4410,2192,0.002,0,0,0.0,0,0,1,0,0,0,0,0,0,0
127,Stage 4,SW7,1074,30.0,Whole Building,Residential (Single),New Build (Greenfield),4,No,Full Footprint,Piles (Pile Caps),Ground Bearing RC,Concrete (In-Situ),Masonry/SFS,604464,865002,889417,757411,562.8,805.4,828.1,705.2,210000,0.243,2078968,299199,0.346,0,0,0.0,167096,355803,0.411,0,0,0.0,0,0,0.0,0,0,0.0,0,0,0.0,0,0,0,0,0,0,0,0,1,0
128,As-Built,MK18,1360,3.8,Whole Building,Educational,New Build (Brownfield),3,No,None,Piles (Pile Caps),Suspended RC,Concrete (In-Situ),Other,532911,605103,632685,527846,391.8,444.9,465.2,388.1,26600,0.044,2107296,282183,0.466,0,0,0.0,122834,261554,0.432,0,0,0.0,20606,32931,0.054,3692,1835,0.003,0,0,0.0,0,0,1,0,0,0,0,0,0,0
129,As-Built,MK18,862,4.5,Whole Building,Educational,New Build (Brownfield),3,No,None,Piled Ground Beams,Suspended RC,Masonry/Concrete,Masonry/Stone,215408,267996,283492,245290,249.9,310.9,328.9,284.6,31500,0.118,778931,104305,0.389,0,0,0.0,27049,57596,0.215,0,0,0.0,36267,57959,0.216,8033,3993,0.015,12908,12643,0.047,0,0,1,0,0,0,0,0,0,0
130,As-Built,W1,2120,10.0,Whole Building,Commercial,New Build (Brownfield),8,No,Full Footprint,Raft,Other,Steel Frame/Composite,Masonry/Stone,648221,765965,790296,628054,305.8,361.3,372.8,296.3,70000,0.091,1405160,194810,0.254,0,0,0.0,124017,264073,0.345,20967,65086,0.085,107624,171995,0.225,0,0,0.0,0,0,0.0,1,0,0,0,0,0,0,0,0,0
131,Stage 5,N2,10108,38.0,Whole Building,Residential (Multi),New Build (Brownfield),4,No,Full Footprint,Piles (Pile Caps),Suspended RC,Concrete (In-Situ),Masonry/SFS,3999749,4626047,4856395,4079777,395.7,457.7,480.5,403.6,266000,0.058,17970925,2245970,0.486,0,0,0.0,896221,1908353,0.413,37284,115737,0.025,55614,88878,0.019,2232,1110,0.0,0,0,0.0,0,0,0,0,0,0,0,1,0,0
132,As-Built,SE26,1290,5.0,Whole Building,Healthcare,New Build (Brownfield),3,No,None,Piled Ground Beams,Suspended RC,Steel Frame/Precast,Masonry/SFS,502663,572614,597212,510749,389.7,443.9,463.0,395.9,35000,0.061,1641394,209919,0.367,0,0,0.0,42398,90279,0.158,3078,9555,0.017,141363,225914,0.395,3917,1947,0.003,0,0,0.0,0,0,0,1,0,0,0,0,0,0
133,As-Built,E3,1513,10.0,Whole Building,Educational,New Build (Brownfield),3,No,None,Piled Ground Beams,Suspended RC,Steel Frame/Composite,Lightweight/SFS,393715,491580,514089,425485,260.2,324.9,339.8,281.2,70000,0.142,1030625,108475,0.221,0,0,0.0,29621,63073,0.128,18010,55907,0.114,121266,193797,0.394,927,329,0.001,0,0,0.0,0,0,1,0,0,0,0,0,0,0
134,As-Built,CO4,5428,12.0,Whole Building,Educational,New Build (Greenfield),3,No,None,Mass Pads/Strips,Ground Bearing RC,Steel Frame/Composite,Lightweight Only,940226,1092154,1154172,981019,173.2,201.2,212.6,180.7,84000,0.077,3364800,367619,0.337,0,0,0.0,74405,158433,0.145,17900,55565,0.051,266900,426537,0.391,0,0,0.0,0,0,0.0,0,0,1,0,0,0,0,0,0,0
135,Stage 5,W1,125,1.0,Whole Building,Residential (Single),New Build (Brownfield),5,No,None,Piled Ground Beams,Suspended RC,Steel Frame/Composite,Masonry/Stone,35602,45098,46823,39354,284.8,360.8,374.6,314.8,7000,0.155,92750,10987,0.244,0,0,0.0,1500,3194,0.071,1750,5432,0.12,11500,18378,0.408,300,106,0.002,0,0,0.0,0,0,0,0,0,0,0,0,1,0
137,As-Built,OX2,2395,6.0,Whole Building,Residential (Multi),New Build (Brownfield),5,No,Partial Footprint,Piles (Pile Caps),Suspended RC,Concrete (In-Situ),Masonry/SFS,762800,874203,921098,798553,318.5,365.0,384.6,333.4,42000,0.048,3818159,501901,0.574,0,0,0.0,155120,330302,0.378,0,0,0.0,0,0,0.0,0,0,0.0,0,0,0.0,0,0,0,0,0,0,0,1,0,0
138,As-Built,SM2,10220,38.0,Whole Building,Educational,New Build (Brownfield),4,Yes,None,Reinforced Pads/Strips,Ground Bearing RC,Timber Frame (Glulam/CLT),Timber/SFS,2726136,3413059,3632936,2666348,266.7,334.0,355.5,260.9,266000,0.078,11051550,1161106,0.34,0,0,0.0,539350,1148456,0.336,0,0,0.0,24100,38515,0.011,0,0,0.0,1319661,798983,0.234,0,0,1,0,0,0,0,0,0,0
139,As-Built,SE1,5500,23.5,Whole Building,Cultural/Public,New Build (Greenfield),9,No,None,Piles (Pile Caps),Suspended RC,Concrete (In-Situ),Masonry Only,2544984,2931600,3095217,2447067,462.7,533.0,562.8,444.9,164500,0.056,9470640,1005373,0.343,0,0,0.0,809685,1724089,0.588,0,0,0.0,22152,35401,0.012,4500,2237,0.001,0,0,0.0,0,1,0,0,0,0,0,0,0,0
140,As-Built,SL9,1729,6.5,Whole Building,Cultural/Public,New Build (Brownfield),3,No,Partial Footprint,Piles (Pile Caps),Ground Bearing RC,Steel Frame/Precast,Masonry/SFS,747103,837819,872577,720686,432.1,484.6,504.7,416.8,45500,0.054,1833807,202038,0.241,0,0,0.0,69160,147265,0.176,4553,14133,0.017,268368,428883,0.512,0,0,0.0,0,0,0.0,0,1,0,0,0,0,0,0,0,0
141,As-Built,SE17,1850,7.0,Whole Building,Residential (Multi),New Build (Brownfield),6,No,None,Mass Pads/Strips,Suspended RC,Concrete (In-Situ),Masonry Only,554782,651202,678204,578219,299.9,352.0,366.6,312.6,49000,0.075,2238548,331726,0.509,0,0,0.0,125943,268175,0.412,0,0,0.0,1440,2301,0.004,0,0,0.0,0,0,0.0,0,0,0,0,0,0,0,1,0,0
142,As-Built,OX14,2054,7.0,Whole Building,Educational,New Build (Brownfield),3,No,None,Piles (Pile Caps),Suspended RC,Steel Frame/Precast,Masonry/SFS,298168,376397,409093,352347,145.2,183.3,199.2,171.5,49000,0.13,1732680,169287,0.45,0,0,0.0,62735,133584,0.355,2900,9002,0.024,9557,15273,0.041,504,251,0.001,0,0,0.0,0,0,1,0,0,0,0,0,0,0
143,As-Built,OX27,1210,4.0,Whole Building,Commercial,New Build (Greenfield),3,Yes,None,Raft,Raft,Concrete (In-Situ),Timber Only,349416,412026,430388,346332,288.8,340.5,355.7,286.2,28000,0.068,1276375,170095,0.413,0,0,0.0,59993,127745,0.31,27220,84496,0.205,0,0,0.0,3400,1690,0.004,0,0,0.0,1,0,0,0,0,0,0,0,0,0
144,Stage 5,CT2,2769,10.8,Whole Building,Educational,New Build (Brownfield),3,No,None,Mass Pads/Strips,Suspended RC,Timber Frame (Glulam/CLT),Other,611076,786529,834861,722648,220.7,284.0,301.5,261.0,75600,0.096,3221447,398943,0.507,0,0,0.0,54426,115891,0.147,0,0,0.0,2669,4265,0.005,0,0,0.0,317715,191829,0.244,0,0,1,0,0,0,0,0,0,0
146,As-Built,E16,3600,9.5,Whole Building,Educational,New Build (Brownfield),3,No,None,Raft,Raft,Concrete (In-Situ),Masonry/SFS,908467,1062347,1139600,943200,252.4,295.1,316.6,262.0,66500,0.063,4469110,475149,0.447,0,0,0.0,216677,461377,0.434,19110,59321,0.056,0,0,0.0,0,0,0.0,0,0,0.0,0,0,1,0,0,0,0,0,0,0
147,As-Built,OX1,763,4.7,Whole Building,Educational,New Build (Greenfield),3,No,Other,Piles (Pile Caps),Suspended RC,Concrete (In-Situ),Glazed/Curtain Wall,301751,359752,373474,302593,395.5,471.5,489.5,396.6,32900,0.091,1008225,133092,0.37,0,0,0.0,88012,187407,0.521,0,0,0.0,3975,6353,0.018,0,0,0.0,0,0,0.0,0,0,1,0,0,0,0,0,0,0
148,Stage 4,NW8,810,4.5,Whole Building,Residential (Single),Mixed New Build/Refurb,4,No,Full Footprint,Piles (Pile Caps),Suspended RC,Concrete (In-Situ),Masonry Only,263883,318914,334776,286665,325.8,393.7,413.3,353.9,31500,0.099,1202784,153834,0.482,0,0,0.0,58000,123501,0.387,0,0,0.0,5888,9410,0.03,1345,669,0.002,0,0,0.0,0,0,0,0,0,0,0,0,1,0
149,As-Built,SL6,500,1.5,Whole Building,Healthcare,New Build (Greenfield),2,No,None,Piles (Pile Caps),Suspended RC,Concrete (In-Situ),Glazed/Curtain Wall,296935,331304,343162,270307,593.9,662.6,686.3,540.6,10500,0.032,883927,115780,0.349,0,0,0.0,84382,179677,0.542,1215,3772,0.011,13500,21575,0.065,0,0,0.0,0,0,0.0,0,0,0,1,0,0,0,0,0,0
150,As-Built,OX3,1900,11.0,Whole Building,Healthcare,New Build (Brownfield),3,No,Partial Footprint,Piles (Pile Caps),Suspended RC,Steel Frame/Precast,Glazed/Curtain Wall,590475,716628,769308,686536,310.8,377.2,404.9,361.3,77000,0.107,3172800,337327,0.471,0,0,0.0,54774,116632,0.163,0,0,0.0,116180,185669,0.259,0,0,0.0,0,0,0.0,0,0,0,1,0,0,0,0,0,0
151,As-Built,IG11,3023,7.0,Whole Building,Residential (Multi),New Build (Brownfield),3,No,None,Mass Pads/Strips,Suspended RC,Concrete (In-Situ),Masonry Only,667701,783432,854426,751709,220.9,259.2,282.6,248.7,49000,0.063,4294296,456563,0.583,0,0,0.0,129384,275501,0.352,0,0,0.0,1482,2368,0.003,0,0,0.0,0,0,0.0,0,0,0,0,0,0,0,1,0,0
153,As-Built,CR8,3268,8.0,Whole Building,Residential (Multi),New Build (Brownfield),3,No,Partial Footprint,Raft,Raft,Timber Frame (Glulam/CLT),Masonry Only,353884,501809,537429,-194835,108.3,153.6,164.5,-59.6,56000,0.112,1582208,192962,0.385,0,0,0.0,52300,111364,0.222,0,0,0.0,19419,31034,0.062,0,0,0.0,395118,110450,0.22,0,0,0,0,0,0,0,1,0,0
155,Stage 4,OX11,1760,5.1,Whole Building,Science/Lab,New Build (Brownfield),2,No,None,Mass Pads/Strips,Suspended RC,Steel Frame/Composite,Other,371880,439257,467118,405159,211.3,249.6,265.4,230.2,35700,0.081,1806651,197122,0.449,0,0,0.0,39468,84039,0.191,7187,22309,0.051,62628,100086,0.228,0,0,0.0,0,0,0.0,0,0,0,0,0,0,0,0,0,1
157,Stage 2,OX11,8500,80.0,Whole Building,Science/Lab,New Build (Brownfield),3,No,None,Piles (Pile Caps),Suspended RC,Concrete (In-Situ),Lightweight/SFS,2416435,3188096,3330605,2920111,284.3,375.1,391.8,343.5,560000,0.176,10803300,1449831,0.455,0,0,0.0,471000,1002916,0.315,0,0,0.0,102140,163231,0.051,9600,4772,0.001,7500,7346,0.002,0,0,0,0,0,0,0,0,0,1
159,As-Built,SO24,312,2.0,Whole Building,Residential (Single),New Build (Brownfield),1,No,None,Mass Pads/Strips,Suspended RC,Steel Frame/Timber,Timber Only,75364,100434,112170,98186,241.6,321.9,359.5,314.7,14000,0.139,419290,39832,0.397,0,0,0.0,6156,13108,0.131,0,0,0.0,13698,21891,0.218,18107,9001,0.09,2656,2602,0.026,0,0,0,0,0,0,0,0,1,0
160,As-Built,SO24,109,0.7,Whole Building,Residential (Single),Full Refurb,1,No,None,Mass Pads/Strips,Suspended RC,Timber Frame (Softwood),Timber Only,22380,30277,33695,29706,205.3,277.8,309.1,272.5,4900,0.162,158969,14772,0.488,0,0,0.0,3801,8094,0.267,0,0,0.0,467,746,0.025,3849,1765,0.058,0,0,0.0,0,0,0,0,0,0,0,0,1,0
161,As-Built,CB6,3657,6.5,Whole Building,Science/Lab,New Build (Greenfield),2,No,None,Reinforced Pads/Strips,Ground Bearing RC,Steel Frame/Composite,Lightweight/SFS,635848,738894,799584,706009,173.9,202.0,218.6,193.1,45500,0.062,3746400,357089,0.483,0,0,0.0,26423,56263,0.076,19894,61755,0.084,136590,218286,0.295,0,0,0.0,0,0,0.0,0,0,0,0,0,0,0,0,0,1
162,Stage 5,GU8,1830,45.0,Whole Building,Residential (Single),Mixed New Build/Refurb,3,No,Full Footprint,Piled Ground Beams,Suspended RC,Concrete (In-Situ),Masonry/Stone,1414706,1857174,1952620,1612875,773.1,1014.8,1067.0,881.4,315000,0.17,5847540,619757,0.334,0,0,0.0,423286,901317,0.485,0,0,0.0,10755,17188,0.009,7871,3913,0.002,0,0,0.0,0,0,0,0,0,0,0,0,1,0
163,Stage 4,SE6,6941,3.4,Whole Building,Educational,New Build (Greenfield),3,No,None,Piles (Pile Caps),Ground Bearing RC,Concrete (In-Situ),Masonry Only,2352532,2574462,2693068,2213874,338.9,370.9,388.0,319.0,23800,0.009,9041813,1214219,0.472,0,0,0.0,578262,1231312,0.478,0,0,0.0,65784,105130,0.041,0,0,0.0,0,0,0.0,0,0,1,0,0,0,0,0,0,0
164,As-Built,OX2,2404,6.2,Whole Building,Educational,New Build (Greenfield),3,No,None,Piles (Pile Caps),Suspended RC,Concrete (In-Situ),Masonry/Stone,761128,870713,921799,725525,316.6,362.2,383.4,301.8,43400,0.05,2472450,264329,0.304,0,0,0.0,220202,468883,0.539,0,0,0.0,52350,83661,0.096,21000,10439,0.012,0,0,0.0,0,0,1,0,0,0,0,0,0,0
165,As-Built,GU7,1930,12.0,Whole Building,Educational,New Build (Greenfield),3,No,None,Mass Pads/Strips,Ground Bearing RC,Concrete (In-Situ),Masonry Only,477643,603575,641244,531994,247.5,312.7,332.3,275.6,84000,0.139,2019396,202720,0.336,0,0,0.0,122902,261699,0.434,0,0,0.0,33306,53227,0.088,3879,1928,0.003,0,0,0.0,0,0,1,0,0,0,0,0,0,0
166,As-Built,WV10,2575,6.5,Whole Building,Healthcare,New Build (Brownfield),4,No,Full Footprint,Mass Pads/Strips,Suspended RC,Steel Frame/Precast,Lightweight/SFS,446616,528973,571580,517274,173.4,205.4,222.0,200.9,45500,0.086,2639755,255717,0.483,0,0,0.0,17363,36972,0.07,0,0,0.0,119380,190783,0.361,0,0,0.0,0,0,0.0,0,0,0,1,0,0,0,0,0,0
167,As-Built,NW6,4787,12.0,Whole Building,Residential (Multi),New Build (Brownfield),6,No,None,Piled Ground Beams,Suspended RC,Concrete (In-Situ),Masonry/SFS,1174584,1364531,1438052,1247292,245.4,285.0,300.4,260.6,84000,0.062,5723082,766363,0.562,0,0,0.0,241469,514168,0.377,0,0,0.0,0,0,0.0,0,0,0.0,0,0,0.0,0,0,0,0,0,0,0,1,0,0
168,Stage 3,NW6,8897,17.0,Whole Building,Mixed Use,New Build (Brownfield),8,No,None,Piles (Pile Caps),Suspended RC,Masonry/Concrete,Masonry Only,1900958,2182924,2285428,1932175,213.7,245.4,256.9,217.2,119000,0.055,7631705,1111313,0.509,0,0,0.0,446861,951516,0.436,0,0,0.0,685,1095,0.001,0,0,0.0,0,0,0.0,0,0,0,0,0,1,0,0,0,0
169,As-Built,SP4,3851,8.0,Whole Building,Industrial,New Build (Greenfield),1,No,None,Mass Pads/Strips,Ground Bearing RC,Steel Frame/Composite,Lightweight/SFS,724739,840227,904390,784279,188.2,218.2,234.8,203.7,56000,0.067,3447160,343301,0.409,0,0,0.0,32456,69110,0.082,23297,72319,0.086,187407,299498,0.356,0,0,0.0,0,0,0.0,0,0,0,0,1,0,0,0,0,0
170,As-Built,YO26,307,1.5,Whole Building,Commercial,New Build (Greenfield),2,No,None,Mass Pads/Strips,Ground Bearing RC,Timber Frame (Softwood),Timber Only,42748,64923,77834,67780,139.2,211.5,253.5,220.8,10500,0.162,321708,29730,0.458,0,0,0.0,3540,7538,0.116,0,0,0.0,462,738,0.011,33026,16417,0.253,0,0,0.0,1,0,0,0,0,0,0,0,0,0
171,As-Built,CB5,1137,11.0,Whole Building,Educational,Mixed New Build/Refurb,4,No,Partial Footprint,Piles (Pile Caps),Ground Bearing RC,Steel Frame/Other,Masonry/Stone,721895,866222,914460,814055,634.9,761.8,804.3,716.0,77000,0.089,4122950,501935,0.579,0,0,0.0,112985,240583,0.278,1691,5249,0.006,25788,41212,0.048,686,243,0.0,0,0,0.0,0,0,1,0,0,0,0,0,0,0
172,Stage 3,OX2,446,2.0,Whole Building,Educational,New Build (Greenfield),3,No,None,Mass Pads/Strips,Timber,Timber Frame (Glulam/CLT),Masonry Only,57553,86789,93982,77677,129.0,194.6,210.7,174.2,14000,0.161,326619,26435,0.305,0,0,0.0,972,2070,0.024,0,0,0.0,1087,1737,0.02,273,97,0.001,70274,42451,0.489,0,0,1,0,0,0,0,0,0,0
173,As-Built,TN30,587,3.0,Whole Building,Residential (Single),New Build (Greenfield),1,No,None,Mass Pads/Strips,Ground Bearing RC,Concrete (In-Situ),Other,223697,265287,279759,245091,381.1,451.9,476.6,417.5,21000,0.079,1196719,151167,0.57,0,0,0.0,41899,89217,0.336,825,3903,0.015,0,0,0.0,0,0,0.0,0,0,0.0,0,0,0,0,0,0,0,0,1,0
174,As-Built,SW19,6975,22.4,Whole Building,Residential (Multi),New Build (Brownfield),9,No,None,Piles (Pile Caps),Suspended RC,Concrete (In-Situ),Masonry/SFS,2007013,2351985,2523708,2111398,287.7,337.2,361.8,302.7,156800,0.067,10194475,1083860,0.461,0,0,0.0,521912,1111324,0.473,0,0,0.0,0,0,0.0,0,0,0.0,0,0,0.0,0,0,0,0,0,0,0,1,0,0
175,As-Built,SW19,2475,8.2,Whole Building,Residential (Multi),New Build (Brownfield),7,No,None,Piles (Pile Caps),Suspended RC,Concrete (In-Situ),Masonry/SFS,746772,872386,930977,763036,301.7,352.5,376.2,308.3,57400,0.066,3407914,362324,0.415,0,0,0.0,212584,452662,0.519,0,0,0.0,0,0,0.0,0,0,0.0,0,0,0.0,0,0,0,0,0,0,0,1,0,0
176,As-Built,E3,4950,12.0,Whole Building,Residential (Multi),New Build (Brownfield),4,No,Partial Footprint,Piles (Pile Caps),Suspended RC,Concrete (In-Situ),Masonry/SFS,1261930,1458824,1535318,1319747,254.9,294.7,310.2,266.6,84000,0.058,5925327,793784,0.544,0,0,0.0,272874,581040,0.398,0,0,0.0,0,0,0.0,0,0,0.0,0,0,0.0,0,0,0,0,0,0,0,1,0,0
177,Stage 5,SW7,23,0.2,Whole Building,Cultural/Public,New Build (Greenfield),1,No,None,Other,Other,Steel Frame/Other,Glazed/Curtain Wall,4867,6418,6554,5486,211.6,279.0,284.9,238.5,1400,0.218,0,0,0.0,0,0,0.0,0,0,0.0,0,0,0.0,3140,5018,0.782,0,0,0.0,0,0,0.0,0,1,0,0,0,0,0,0,0,0
178,Stage 2,OX4,5850,27.4,Whole Building,Residential (Multi),New Build (Brownfield),15,No,None,Piles (Pile Caps),Ground Bearing RC,Concrete (In-Situ),Other,1977547,2333626,2425316,1954199,338.0,398.9,414.6,334.1,191800,0.082,6487200,857762,0.368,0,0,0.0,587362,1250689,0.536,0,0,0.0,20884,33375,0.014,0,0,0.0,0,0,0.0,0,0,0,0,0,0,0,1,0,0
179,Stage 2,OX4,7120,33.3,Whole Building,Residential (Multi),New Build (Brownfield),8,No,None,Piles (Pile Caps),Suspended RC,Concrete (In-Situ),Masonry Only,1436501,1793633,1877005,1579334,201.8,251.9,263.6,221.8,233100,0.13,5662160,758205,0.423,0,0,0.0,376798,802328,0.447,0,0,0.0,0,0,0.0,0,0,0.0,0,0,0.0,0,0,0,0,0,0,0,1,0,0
180,Stage 2,OX4,2755,12.9,Whole Building,Residential (Multi),New Build (Brownfield),4,No,None,Piles (Pile Caps),Suspended RC,Concrete (In-Situ),Masonry/SFS,998812,1172652,1218099,976452,362.5,425.6,442.1,354.4,90300,0.077,3259641,431028,0.368,0,0,0.0,305882,651324,0.555,0,0,0.0,0,0,0.0,0,0,0.0,0,0,0.0,0,0,0,0,0,0,0,1,0,0
181,Stage 2,OX4,5676,26.5,Whole Building,Residential (Multi),New Build (Brownfield),10,No,None,Piles (Pile Caps),Suspended RC,Concrete (In-Situ),Masonry/SFS,1665070,1992422,2081330,1647095,293.4,351.0,366.7,290.2,185500,0.093,5586866,636503,0.319,0,0,0.0,549665,1170420,0.587,0,0,0.0,0,0,0.0,0,0,0.0,0,0,0.0,0,0,0,0,0,0,0,1,0,0
184,Stage 3,OX11,1005,2.5,Whole Building,Science/Lab,New Build (Greenfield),2,No,None,Mass Pads/Strips,Ground Bearing RC,Steel Frame/Timber,Lightweight/SFS,252633,301443,318183,263050,251.4,299.9,316.6,261.7,17500,0.058,863800,90780,0.301,0,0,0.0,16475,35081,0.116,0,0,0.0,62000,99083,0.329,1150,407,0.001,96700,58592,0.194,0,0,0,0,0,0,0,0,0,1
185,Stage 4,B29,10779,26.1,Whole Building,Residential (Multi),New Build (Brownfield),9,No,Partial Footprint,Piles (Pile Caps),Suspended RC,Concrete (In-Situ),Masonry Only,3431795,3916689,4105831,3468143,318.4,363.4,380.9,321.7,182700,0.047,14985600,2015192,0.515,0,0,0.0,807200,1718798,0.439,0,0,0.0,0,0,0.0,0,0,0.0,0,0,0.0,0,0,0,0,0,0,0,1,0,0
186,Stage 4,B29,9083,22.0,Whole Building,Residential (Multi),New Build (Brownfield),9,No,Partial Footprint,Piles (Pile Caps),Suspended RC,Concrete (In-Situ),Masonry Only,3213792,3651531,3826649,3238415,353.8,402.0,421.3,356.5,154000,0.042,14215200,1912030,0.524,0,0,0.0,744600,1585501,0.434,0,0,0.0,0,0,0.0,0,0,0.0,0,0,0.0,0,0,0,0,0,0,0,1,0,0
187,Stage 4,B29,8137,19.7,Whole Building,Residential (Multi),New Build (Brownfield),9,No,Partial Footprint,Piles (Pile Caps),Suspended RC,Concrete (In-Situ),Masonry Only,2206934,2539044,2664516,2253119,271.2,312.0,327.5,276.9,137900,0.054,9607680,1292281,0.509,0,0,0.0,520756,1108863,0.437,0,0,0.0,0,0,0.0,0,0,0.0,0,0,0.0,0,0,0,0,0,0,0,1,0,0
188,Stage 4,B29,7130,17.3,Whole Building,Residential (Multi),New Build (Brownfield),12,No,Partial Footprint,Piles (Pile Caps),Suspended RC,Concrete (In-Situ),Masonry Only,1848024,2132278,2239429,1901447,259.2,299.1,314.1,266.7,121100,0.057,8175600,1100196,0.516,0,0,0.0,427825,910982,0.427,0,0,0.0,0,0,0.0,0,0,0.0,0,0,0.0,0,0,0,0,0,0,0,1,0,0
189,As-Built,TA13,83,0.224,Whole Building,Residential (Single),New Build (Greenfield),2,No,None,Mass Pads/Strips,Timber,Timber Frame (Softwood),Timber Only,4611,7980,10435,8643,55.6,96.1,125.7,104.1,1568,0.196,16080,829,0.104,0,0,0.0,0,0,0.0,0,0,0.0,1286,2055,0.258,6043,2958,0.371,258,253,0.032,0,0,0,0,0,0,0,0,1,0
190,As-Built,SL7,707,3.8,Whole Building,Residential (Single),New Build (Brownfield),2,No,None,Piles (Pile Caps),Suspended RC,Concrete (In-Situ),SFS/Stone,258876,310327,332940,282224,366.2,438.9,470.9,399.2,26600,0.086,1422271,147029,0.474,0,0,0.0,64198,136699,0.44,0,0,0.0,0,0,0.0,0,0,0.0,0,0,0.0,0,0,0,0,0,0,0,0,1,0
191,As-Built,SL7,707,3.8,Whole Building,Residential (Single),New Build (Brownfield),2,No,None,Piles (Pile Caps),Suspended RC,Concrete (In-Situ),SFS/Stone,258876,310327,332940,282224,366.2,438.9,470.9,399.2,26600,0.086,1422271,147029,0.474,0,0,0.0,64198,136699,0.44,0,0,0.0,0,0,0.0,0,0,0.0,0,0,0.0,0,0,0,0,0,0,0,0,1,0
192,As-Built,NW3,684,2.4,Whole Building,Residential (Single),Mixed New Build/Refurb,5,No,Partial Footprint,Piled Ground Beams,Ground Bearing RC,Steel Frame/Timber,Masonry Only,134514,162207,171112,148743,196.7,237.1,250.2,217.5,16800,0.104,539729,69276,0.427,0,0,0.0,16896,35977,0.222,286,888,0.005,23743,37944,0.234,2660,1322,0.008,0,0,0.0,0,0,0,0,0,0,0,0,1,0
193,As-Built,W7,3734,10.0,Whole Building,Residential (Multi),New Build (Brownfield),6,No,None,Piles (Pile Caps),Suspended RC,Concrete (In-Situ),Masonry Only,661194,790995,846520,690585,177.1,211.8,226.7,184.9,70000,0.088,2871334,300695,0.38,0,0,0.0,197386,420301,0.531,0,0,0.0,0,0,0.0,0,0,0.0,0,0,0.0,0,0,0,0,0,0,0,1,0,0
194,As-Built,W7,4200,10.0,Whole Building,Residential (Multi),New Build (Brownfield),7,No,None,Piles (Pile Caps),Suspended RC,Concrete (In-Situ),Masonry Only,872443,1021551,1092870,890479,207.7,243.2,260.2,212.0,70000,0.069,3844809,406035,0.397,0,0,0.0,256191,545516,0.534,0,0,0.0,0,0,0.0,0,0,0.0,0,0,0.0,0,0,0,0,0,0,0,1,0,0
195,As-Built,W7,5600,9.0,Whole Building,Residential (Multi),New Build (Brownfield),8,No,None,Piles (Pile Caps),Suspended RC,Concrete (In-Situ),Masonry/SFS,1180262,1349874,1426774,1236355,210.8,241.0,254.8,220.8,63000,0.047,5783760,773628,0.573,0,0,0.0,241036,513246,0.38,0,0,0.0,0,0,0.0,0,0,0.0,0,0,0.0,0,0,0,0,0,0,0,1,0,0
196,Stage 2,NW3,614,7.0,Whole Building,Residential (Single),New Build (Brownfield),3,No,Full Footprint,Raft,Suspended RC,Timber Frame (Glulam/CLT),Masonry Only,121821,190709,199278,168357,198.4,310.6,324.6,274.2,49000,0.257,473981,56715,0.297,0,0,0.0,20623,43914,0.23,0,0,0.0,0,0,0.0,0,0,0.0,68039,41080,0.215,0,0,0,0,0,0,0,0,1,0
197,As-Built,IP7,33,0.2,Whole Building,Commercial,New Build (Brownfield),1,No,None,Mass Pads/Strips,Suspended RC,Steel Frame/Timber,Glazed/Curtain Wall,9438,11774,12550,11127,286.0,356.8,380.3,337.2,1400,0.119,48960,4645,0.395,0,0,0.0,907,1931,0.164,0,0,0.0,2078,3321,0.282,0,0,0.0,1105,477,0.041,1,0,0,0,0,0,0,0,0,0
198,Stage 4,OX1,560,5.7,Whole Building,Educational,New Build (Brownfield),2,Yes,None,Piles (Pile Caps),Suspended RC,Steel Frame/Timber,Glazed/Curtain Wall,126660,183134,190202,163977,226.2,327.0,339.6,292.8,39900,0.218,226800,27550,0.15,0,0,0.0,12120,25808,0.141,0,0,0.0,23360,37332,0.204,1600,795,0.004,38900,24436,0.133,0,0,1,0,0,0,0,0,0,0
199,As-Built,PE21,821,1.6,Whole Building,Educational,New Build (Brownfield),2,No,None,Piles (Pile Caps),Suspended RC,Steel Frame/Other,Masonry/SFS,182862,209873,219355,193992,222.7,255.6,267.2,236.3,11200,0.053,532053,108957,0.519,0,0,0.0,14244,30330,0.145,0,0,0.0,37160,59386,0.283,0,0,0.0,0,0,0.0,0,0,1,0,0,0,0,0,0,0
200,Stage 5,LN6,753,2.5,Whole Building,Educational,New Build (Brownfield),3,No,None,Mass Pads/Strips,Suspended RC,Steel Frame/Composite,Lightweight/SFS,130534,165070,181764,163159,173.4,219.2,241.4,216.7,17500,0.106,356860,59314,0.359,0,0,0.0,5199,11070,0.067,8250,25610,0.155,6540,10452,0.063,0,0,0.0,0,0,0.0,0,0,1,0,0,0,0,0,0,0
201,Stage 4,OX33,365,1.0,Whole Building,Educational,New Build (Brownfield),2,No,None,Mass Pads/Strips,Ground Bearing RC,Steel Frame/Timber,Masonry Only,67439,81843,88535,75525,184.8,224.2,242.6,206.9,7000,0.086,252500,27736,0.339,0,0,0.0,6800,14479,0.177,0,0,0.0,15700,25090,0.307,6100,3032,0.037,4600,4506,0.055,0,0,1,0,0,0,0,0,0,0
202,Stage 3,W1,1900,3.0,Structure Only,Commercial,Mixed New Build/Refurb,6,No,Full Footprint,Piles (Pile Caps),Suspended RC,Steel Frame/Composite,Masonry Only,409999,479136,497645,402768,215.8,252.2,261.9,212.0,42000,0.088,859745,114750,0.239,0,0,0.0,76816,163568,0.341,0,0,0.0,98230,156984,0.328,3691,1835,0.004,0,0,0.0,1,0,0,0,0,0,0,0,0,0
203,Stage 5,W8,854,3.5,Whole Building,Commercial,New Build (Brownfield),6,No,Full Footprint,Raft,Suspended RC,Concrete (In-Situ),Masonry/SFS,228613,273639,291038,236555,267.7,320.4,340.8,277.0,24500,0.09,954819,100713,0.368,0,0,0.0,67691,144136,0.527,0,0,0.0,2414,3858,0.014,867,431,0.002,0,0,0.0,1,0,0,0,0,0,0,0,0,0
205,Stage 4,W3,631,1.2,Whole Building,Educational,New Build (Brownfield),1,No,None,Piles (Pile Caps),Suspended RC,Steel Frame/Composite,Masonry Only,181688,203413,213319,189465,287.9,322.4,338.1,300.3,8400,0.041,728600,97565,0.48,0,0,0.0,0,0,0.0,4733,14691,0.072,51785,82758,0.407,0,0,0.0,0,0,0.0,0,0,1,0,0,0,0,0,0,0
206,Stage 3,N15,3760,10.0,Whole Building,Residential (Multi),New Build (Greenfield),9,No,None,Piles (Pile Caps),Suspended RC,Concrete (In-Situ),Masonry/SFS,1217469,1392962,1457609,1195774,323.8,370.5,387.7,318.0,70000,0.05,4782155,617222,0.443,0,0,0.0,331437,705740,0.507,0,0,0.0,0,0,0.0,0,0,0.0,0,0,0.0,0,0,0,0,0,0,0,1,0,0
207,Stage 4,WD19,313,0.8,Whole Building,Residential (Single),New Build (Brownfield),3,No,Partial Footprint,Raft,Other,Steel Frame/Other,Masonry/SFS,67272,77872,82269,68856,214.9,248.8,262.8,220.0,5600,0.072,177852,22759,0.292,0,0,0.0,5745,12233,0.157,666,2067,0.027,20273,32398,0.416,3533,1251,0.016,1596,1563,0.02,0,0,0,0,0,0,0,0,1,0
208,Stage 2,SN3,702,4.0,Whole Building,Industrial,New Build (Brownfield),1,No,None,Mass Pads/Strips,Ground Bearing RC,Steel Frame/Other,Precast/GRC,154200,223070,262536,220784,219.7,317.8,374.0,314.5,28000,0.126,564000,75583,0.339,0,0,0.0,7856,16728,0.075,0,0,0.0,20275,32402,0.145,126611,62938,0.282,6653,6516,0.029,0,0,0,0,1,0,0,0,0,0
209,Stage 2,SN3,6725,21.0,Whole Building,Industrial,New Build (Brownfield),1,Yes,None,Mass Pads/Strips,Ground Bearing RC,Steel Frame/Other,Precast/GRC,1891735,2329869,2580854,2208864,281.3,346.4,383.8,328.5,147000,0.063,7653600,1026049,0.44,0,0,0.0,66646,141912,0.061,58661,182096,0.078,311515,497837,0.214,612521,304484,0.131,20000,19590,0.008,0,0,0,0,1,0,0,0,0,0
210,Stage 3,UB3,1456,5.2,Whole Building,Cultural/Public,New Build (Brownfield),3,No,None,Mass Pads/Strips,Ground Bearing RC,Steel Frame/Precast,Precast/GRC,360655,433668,453071,401690,247.7,297.8,311.2,275.9,36400,0.084,919740,206116,0.475,0,0,0.0,20529,43712,0.101,0,0,0.0,92259,147440,0.34,0,0,0.0,0,0,0.0,0,1,0,0,0,0,0,0,0,0
213,Stage 5,NW6,520,1.6,Whole Building,Residential (Single),Full Refurb,4,No,Full Footprint,Reinforced Pads/Strips,Ground Bearing RC,Concrete (Precast),Masonry Only,155184,179077,186410,151549,298.4,344.4,358.5,291.4,11200,0.063,441899,62083,0.347,0,0,0.0,31400,66861,0.373,2341,7267,0.041,18280,29214,0.163,1990,989,0.006,1493,1462,0.008,0,0,0,0,0,0,0,0,1,0
215,Stage 3,TW3,3920,10.0,Whole Building,Mixed Use,New Build (Brownfield),9,No,None,Piles (Pile Caps),Suspended RC,Concrete (In-Situ),Masonry/SFS,1065336,1228750,1289985,1095675,271.8,313.5,329.1,279.5,70000,0.057,4690950,628153,0.511,0,0,0.0,241629,514509,0.419,0,0,0.0,10067,16088,0.013,0,0,0.0,0,0,0.0,0,0,0,0,0,1,0,0,0,0
216,Stage 5,OX11,2850,6.7,Whole Building,Science/Lab,Full Refurb,4,No,None,Mass Pads/Strips,Ground Bearing RC,Steel Frame/Composite,Masonry/SFS,446844,521519,542979,438866,156.8,183.0,190.5,154.0,46900,0.09,743025,87981,0.169,0,0,0.0,21560,45908,0.088,22000,68292,0.131,170250,272079,0.522,720,358,0.001,0,0,0.0,0,0,0,0,0,0,0,0,0,1
217,Stage 3,LS23,394,1.5,Whole Building,Other,Mixed New Build/Refurb,8,No,None,Reinforced Pads/Strips,Ground Bearing RC,Timber Frame (Glulam/CLT),Glazed/Curtain Wall,58843,76966,83966,73174,149.3,195.3,213.1,185.7,10500,0.136,236330,30920,0.402,0,0,0.0,5062,10779,0.14,0,0,0.0,6249,9987,0.13,0,0,0.0,21709,14781,0.192,0,0,0,0,0,0,1,0,0,0
218,Stage 3,LS23,3710,13.0,Whole Building,Industrial,New Build (Brownfield),1,Yes,None,Reinforced Pads/Strips,Ground Bearing RC,Steel Frame/Other,Lightweight Only,1825845,2016460,2073196,1663081,492.1,543.5,558.8,448.3,91000,0.045,2854560,364276,0.181,0,0,0.0,231384,492693,0.244,0,0,0.0,668595,1068492,0.53,0,0,0.0,0,0,0.0,0,0,0,0,1,0,0,0,0,0
219,Stage 3,LS23,1501,4.0,Whole Building,Industrial,New Build (Brownfield),1,Yes,None,Mass Pads/Strips,Ground Bearing RC,Timber Frame (Glulam/CLT),Lightweight Only,409327,535383,574913,448798,272.7,356.7,383.0,299.0,28000,0.052,1435200,150830,0.282,0,0,0.0,33963,72319,0.135,0,0,0.0,0,0,0.0,0,0,0.0,461783,284234,0.531,0,0,0,0,1,0,0,0,0,0
220,Stage 4,W1,6807,25.0,Whole Building,Commercial,Mixed New Build/Refurb,9,No,Full Footprint,Reinforced Pads/Strips,Ground Bearing RC,Steel Frame/Composite,Glazed/Curtain Wall,869952,1102925,1149232,952978,127.8,162.0,168.8,140.0,175000,0.159,1769016,236884,0.215,0,0,0.0,73709,156951,0.142,36988,114818,0.104,262354,419272,0.38,0,0,0.0,0,0,0.0,1,0,0,0,0,0,0,0,0,0
221,Stage 4,GU35,950,2.0,Whole Building,Residential (Single),New Build (Greenfield),1,No,None,Mass Pads/Strips,Ground Bearing RC,Timber Frame (Softwood),Stone,166857,213749,260229,216728,175.6,225.0,273.9,228.1,14000,0.065,791582,89524,0.419,0,0,0.0,8558,18223,0.085,0,0,0.0,9501,15184,0.071,117421,43173,0.202,38436,33644,0.157,0,0,0,0,0,0,0,0,1,0
222,Stage 5,CB1,420,3.4,Whole Building,Residential (Single),Full Refurb,3,No,None,Reinforced Pads/Strips,Ground Bearing RC,Steel Frame/Composite,Masonry Only,98653,129382,134581,116655,234.9,308.1,320.4,277.7,23800,0.184,294723,37335,0.289,0,0,0.0,4787,10193,0.079,2635,8180,0.063,30770,49174,0.38,480,239,0.002,472,462,0.004,0,0,0,0,0,0,0,0,1,0
223,Stage 4,OX29,286,4.0,Whole Building,Cultural/Public,New Build (Greenfield),4,No,Full Footprint,Raft,Raft,Steel Frame/Timber,Timber/SFS,102863,141849,148403,123333,359.7,496.0,518.9,431.2,28000,0.197,354922,46341,0.327,0,0,0.0,20294,43213,0.305,4416,13708,0.097,2846,4548,0.032,4888,2430,0.017,5536,3609,0.025,0,1,0,0,0,0,0,0,0,0
224,Stage 3,YO26,3655,18.5,Whole Building,Cultural/Public,New Build (Brownfield),2,No,None,Piled Ground Beams,Suspended RC,Timber Frame (Glulam/CLT),Masonry/Timber,806600,1033958,1113928,965157,220.7,282.9,304.8,264.1,129500,0.125,3451300,430762,0.417,0,0,0.0,106199,226133,0.219,3364,10443,0.01,89079,142358,0.138,83719,41617,0.04,56497,53145,0.051,0,1,0,0,0,0,0,0,0,0
225,Stage 5,LE67,2938,4.5,Whole Building,Industrial,New Build (Brownfield),1,No,None,Mass Pads/Strips,Ground Bearing RC,Steel Frame/Other,Lightweight Only,579629,657235,696477,597240,197.3,223.7,237.1,203.3,31500,0.048,2462472,285571,0.435,0,0,0.0,63444,135093,0.206,8320,25827,0.039,112160,179245,0.273,0,0,0.0,0,0,0.0,0,0,0,0,1,0,0,0,0,0
226,Stage 5,LE11,2007,7.0,Whole Building,Educational,New Build (Brownfield),4,No,None,Piles (Pile Caps),Ground Bearing RC,Concrete (In-Situ),Masonry Only,573338,673908,708387,613678,285.7,335.8,353.0,305.8,49000,0.073,2759376,369633,0.548,0,0,0.0,119885,255275,0.379,0,0,0.0,0,0,0.0,0,0,0.0,0,0,0.0,0,0,1,0,0,0,0,0,0,0
227,Stage 5,RG9,92,0.2,Whole Building,Residential (Single),New Build (Greenfield),1,No,None,Reinforced Pads/Strips,Ground Bearing RC,Timber Frame (Glulam/CLT),Timber Only,13709,20634,26357,21891,149.0,224.3,286.5,237.9,1400,0.068,70512,8826,0.428,0,0,0.0,275,586,0.028,0,0,0.0,0,0,0.0,19761,9823,0.476,0,0,0.0,0,0,0,0,0,0,0,0,1,0
228,Stage 4,SW15,890,2.2,Whole Building,Mixed Use,Mixed New Build/Refurb,4,No,Partial Footprint,Reinforced Pads/Strips,Other,Steel Frame/Timber,Masonry Only,59037,78331,84441,72526,66.3,88.0,94.9,81.5,15400,0.197,101487,13651,0.174,0,0,0.0,542,1153,0.015,679,2108,0.027,26537,42409,0.541,5658,2004,0.026,1639,1606,0.02,0,0,0,0,0,1,0,0,0,0
229,Stage 3,OX25,463,2.0,Whole Building,Cultural/Public,Full Refurb,1,No,None,Mass Pads/Strips,Ground Bearing RC,Masonry/Timber,Stone,11962,31450,36071,33899,25.8,67.9,77.9,73.2,14000,0.445,16240,1244,0.04,0,0,0.0,0,0,0.0,0,0,0.0,1769,2827,0.09,4163,2085,0.066,3139,3075,0.098,0,1,0,0,0,0,0,0,0,0
230,As-Built,DA8,2330,6.5,Whole Building,Industrial,New Build (Brownfield),1,No,None,Piles (Pile Caps),Suspended RC,Steel Frame/Other,Lightweight Only,803994,913283,961515,836646,345.1,392.0,412.7,359.1,45500,0.05,3585916,439414,0.481,0,0,0.0,100103,213153,0.233,0,0,0.0,134669,215216,0.236,0,0,0.0,0,0,0.0,0,0,0,0,1,0,0,0,0,0
231,Stage 3,W6,664,6.0,Whole Building,Educational,Full Refurb,3,No,None,Reinforced Pads/Strips,Ground Bearing RC,Timber Frame (Glulam/CLT),Lightweight Only,96634,154036,163576,140785,145.5,232.0,246.3,212.0,42000,0.273,442037,45937,0.298,0,0,0.0,13398,28529,0.185,0,0,0.0,4184,6687,0.043,0,0,0.0,50156,30884,0.2,0,0,1,0,0,0,0,0,0,0
232,Stage 3,NW6,3739,5.6,Structure Only,Commercial,New Build (Brownfield),5,No,None,Piles (Pile Caps),Suspended RC,Concrete (In-Situ),Masonry/SFS,1155123,1335601,1400473,1188317,308.9,357.2,374.6,317.8,78400,0.059,5118194,685364,0.513,0,0,0.0,268552,571837,0.428,0,0,0.0,0,0,0.0,0,0,0.0,0,0,0.0,1,0,0,0,0,0,0,0,0,0
233,Stage 3,NW6,6127,9.2,Structure Only,Residential (Multi),New Build (Brownfield),5,No,None,Piles (Pile Caps),Suspended RC,Concrete (In-Situ),Masonry/SFS,1688219,1968148,2069012,1781505,275.5,321.2,337.7,290.8,128800,0.065,7948800,1064403,0.541,0,0,0.0,363925,774917,0.394,0,0,0.0,17,27,0.0,0,0,0.0,0,0,0.0,0,0,0,0,0,0,0,1,0,0
234,Stage 2,OX11,370,3.8,Whole Building,Science/Lab,New Build (Greenfield),2,No,None,Reinforced Pads/Strips,Ground Bearing RC,Other,Other,182832,222693,230625,196935,494.1,601.9,623.3,532.3,26600,0.119,607500,82280,0.369,0,0,0.0,28120,59877,0.269,0,0,0.0,33750,53936,0.242,0,0,0.0,0,0,0.0,0,0,0,0,0,0,0,0,0,1
235,Stage 4,NW4,1500,3.8,Whole Building,Residential (Multi),New Build (Brownfield),5,No,None,Piles (Pile Caps),Suspended RC,Concrete (In-Situ),Masonry/SFS,440980,506585,531667,451087,294.0,337.7,354.4,300.7,26600,0.053,1962500,262793,0.519,0,0,0.0,102000,217192,0.429,0,0,0.0,0,0,0.0,0,0,0.0,0,0,0.0,0,0,0,0,0,0,0,1,0,0
236,Stage 3,NW4,2202,5.0,Whole Building,Residential (Multi),New Build (Brownfield),7,No,None,Piles (Pile Caps),Suspended RC,Concrete (In-Situ),Masonry/SFS,707826,803003,837613,682664,321.4,364.7,380.4,310.0,35000,0.044,2583493,350360,0.436,0,0,0.0,196138,417643,0.52,0,0,0.0,0,0,0.0,0,0,0.0,0,0,0.0,0,0,0,0,0,0,0,1,0,0
237,Stage 4,OX17,140,1.0,Whole Building,Commercial,Full Refurb,1,No,None,Other,Other,Other,Other,4209,11827,12859,11609,30.1,84.5,91.8,82.9,7000,0.592,0,0,0.0,0,0,0.0,0,0,0.0,0,0,0.0,2325,3716,0.314,1943,966,0.082,195,145,0.012,1,0,0,0,0,0,0,0,0,0
238,As-Built,OX11,240,1.0,Whole Building,Science/Lab,New Build (Greenfield),1,No,None,Mass Pads/Strips,Ground Bearing RC,Steel Frame/Other,Lightweight/SFS,79698,93060,97311,81184,332.1,387.7,405.5,338.3,7000,0.075,283650,33500,0.36,0,0,0.0,8900,18951,0.204,2950,9157,0.098,15300,24451,0.263,0,0,0.0,0,0,0.0,0,0,0,0,0,0,0,0,0,1
239,Stage 4,SW3,711,3.0,Whole Building,Residential (Single),Full Refurb,3,No,Partial Footprint,Other,Suspended RC,Other,Other,61898,88689,95730,85747,87.1,124.7,134.6,120.6,21000,0.237,266471,34907,0.394,0,0,0.0,6298,13410,0.151,0,0,0.0,9621,15375,0.173,6261,2218,0.025,1816,1779,0.02,0,0,0,0,0,0,0,0,1,0
240,Stage 2,SE1,4663,13.0,Whole Building,Commercial,New Build (Brownfield),17,No,Full Footprint,Raft,Suspended RC,Concrete (In-Situ),Masonry/SFS,1299618,1497344,1553086,1260457,278.7,321.1,333.1,270.3,91000,0.061,4108366,617606,0.412,0,0,0.0,370416,788739,0.527,0,0,0.0,0,0,0.0,0,0,0.0,0,0,0.0,1,0,0,0,0,0,0,0,0,0
242,Stage 2,TW13,460,1.6,Whole Building,Residential (Multi),New Build (Brownfield),6,No,None,Piles (Pile Caps),Ground Bearing RC,Concrete (In-Situ),Masonry Only,200530,230253,241893,203240,435.9,500.5,525.9,441.8,11200,0.049,922462,114016,0.495,0,0,0.0,38569,82127,0.357,5017,15574,0.068,4590,7336,0.032,0,0,0.0,0,0,0.0,0,0,0,0,0,0,0,1,0,0
243,Stage 3,OX11,1600,3.5,Whole Building,Science/Lab,New Build (Brownfield),2,No,None,Raft,Raft,Steel Frame/Composite,Lightweight/SFS,452823,510053,531104,427891,283.0,318.8,331.9,267.4,24500,0.048,1198000,144773,0.284,0,0,0.0,70000,149053,0.292,10700,33215,0.065,99000,158213,0.31,600,298,0.001,0,0,0.0,0,0,0,0,0,0,0,0,0,1
246,Stage 2,SE17,5200,9.8,Whole Building,Residential (Multi),New Build (Brownfield),6,No,Partial Footprint,Piles (Pile Caps),Suspended RC,Concrete (In-Situ),Masonry Only,1366692,1555026,1632381,1369274,262.8,299.0,313.9,263.3,68600,0.044,5804455,777259,0.5,0,0,0.0,333046,709167,0.456,0,0,0.0,0,0,0.0,0,0,0.0,0,0,0.0,0,0,0,0,0,0,0,1,0,0
250,Stage 2,SE17,5221,13.3,Whole Building,Residential (Multi),New Build (Brownfield),11,No,Partial Footprint,Piles (Pile Caps),Suspended RC,Concrete (In-Situ),Masonry Only,1462990,1684170,1765623,1482921,280.2,322.6,338.2,284.0,93100,0.055,6191482,829085,0.492,0,0,0.0,357852,761985,0.452,0,0,0.0,0,0,0.0,0,0,0.0,0,0,0.0,0,0,0,0,0,0,0,1,0,0
251,Stage 2,SE17,6600,8.0,Structure Only,Residential (Multi),New Build (Brownfield),6,No,None,Piles (Pile Caps),Suspended RC,Concrete (In-Situ),Lightweight/SFS,1399301,1636742,1725863,1489601,212.0,248.0,261.5,225.7,112000,0.068,6630946,887933,0.542,0,0,0.0,299065,636810,0.389,0,0,0.0,0,0,0.0,0,0,0.0,0,0,0.0,0,0,0,0,0,0,0,1,0,0
253,Stage 5,TS23,1577,4.0,Whole Building,Industrial,New Build (Brownfield),3,No,None,Piles (Pile Caps),Ground Bearing RC,Steel Frame/Composite,Lightweight Only,332950,385296,405094,366045,211.1,244.3,256.9,232.1,28000,0.073,1411296,194070,0.504,0,0,0.0,5341,11373,0.03,3823,11867,0.031,87595,139987,0.363,0,0,0.0,0,0,0.0,0,0,0,0,1,0,0,0,0,0
254,Stage 3,BN1,1297,3.75,Whole Building,Mixed Use,Mixed New Build/Refurb,4,No,None,Mass Pads/Strips,Ground Bearing RC,Steel Frame/Timber,Masonry Only,247925,285337,294878,243023,191.2,220.0,227.4,187.4,26250,0.092,260293,34871,0.122,0,0,0.0,12000,25552,0.09,0,0,0.0,124000,198166,0.694,1000,497,0.002,0,0,0.0,0,0,0,0,0,1,0,0,0,0
255,Stage 5,SW18,21,0.035,Structure Only,Residential (Single),Mixed New Build/Refurb,1,No,Full Footprint,Corbels,Timber,Other,Masonry Only,2387,3124,3381,3250,113.7,148.7,161.0,154.8,490,0.157,18418,2280,0.73,0,0,0.0,166,353,0.113,0,0,0.0,0,0,0.0,0,0,0.0,0,0,0.0,0,0,0,0,0,0,0,0,1,0
256,Stage 3,N1,51,0.1,Whole Building,Residential (Single),Mixed New Build/Refurb,1,No,None,Other,Other,Steel Frame/Timber,Lightweight Only,3156,4281,4849,3965,61.9,83.9,95.1,77.8,700,0.164,100,14,0.003,0,0,0.0,0,0,0.0,0,0,0.0,1478,2363,0.552,847,300,0.07,923,904,0.211,0,0,0,0,0,0,0,0,1,0
257,Stage 5,NW6,37,0.1,Whole Building,Residential (Single),New Build (Greenfield),1,No,None,Reinforced Pads/Strips,Ground Bearing RC,Steel Frame/Timber,Glazed/Curtain Wall,5789,6961,7422,6530,156.5,188.1,200.6,176.5,700,0.101,22937,2808,0.403,0,0,0.0,374,796,0.114,0,0,0.0,1573,2514,0.361,287,143,0.02,0,0,0.0,0,0,0,0,0,0,0,0,1,0
258,Stage 2,W6,9453,20.0,Whole Building,Residential (Multi),New Build (Brownfield),9,No,Full Footprint,Piles (Pile Caps),Suspended RC,Concrete (In-Situ),Masonry/SFS,3190782,3611823,3780282,3266506,337.5,382.1,399.9,345.6,140000,0.039,14550936,2087011,0.578,0,0,0.0,650350,1384812,0.383,0,0,0.0,0,0,0.0,0,0,0.0,0,0,0.0,0,0,0,0,0,0,0,1,0,0
259,Stage 3,NW3,212,0.4,Whole Building,Residential (Single),Mixed New Build/Refurb,3,No,None,Mass Pads/Strips,Ground Bearing RC,Steel Frame/Timber,Masonry Only,9784,13553,15019,13264,46.2,63.9,70.8,62.6,2800,0.207,37422,3840,0.283,0,0,0.0,636,1354,0.1,0,0,0.0,2923,4671,0.345,596,296,0.022,604,592,0.044,0,0,0,0,0,0,0,0,1,0
260,Stage 3,OX4,75,1.1,Whole Building,Educational,Mixed New Build/Refurb,2,No,None,Piled Ground Beams,Suspended RC,Steel Frame/Timber,Timber Only,34199,50305,58315,46726,456.0,670.7,777.5,623.0,7700,0.153,54493,7297,0.145,0,0,0.0,2535,5398,0.107,0,0,0.0,9540,15246,0.303,29500,14664,0.292,0,0,0.0,0,0,1,0,0,0,0,0,0,0
262,Stage 3,TW8,240,1.0,Whole Building,Mixed Use,New Build (Brownfield),1,Yes,None,Piled Ground Beams,Suspended RC,Steel Frame/Timber,Other,199716,227523,242805,217304,832.1,948.0,1011.7,905.4,7000,0.031,1257960,141573,0.622,0,0,0.0,22106,47071,0.207,0,0,0.0,14469,23124,0.102,0,0,0.0,14501,8755,0.038,0,0,0,0,0,1,0,0,0,0
263,Stage 4,DE24,1000,1.6,Whole Building,Industrial,New Build (Brownfield),3,No,None,Mass Pads/Strips,Ground Bearing RC,Steel Frame/Other,Lightweight Only,209727,238681,252962,226803,209.7,238.7,253.0,226.8,11200,0.047,961363,128734,0.539,0,0,0.0,1552,3305,0.014,6307,19578,0.082,46141,73739,0.309,4274,2125,0.009,0,0,0.0,0,0,0,0,1,0,0,0,0,0
264,Stage 3,CB2,750,4.5,Whole Building,Educational,New Build (Brownfield),3,No,None,Reinforced Pads/Strips,Ground Bearing RC,Timber Frame (Glulam/CLT),Timber/SFS,92151,144058,154340,125723,122.9,192.1,205.8,167.6,31500,0.219,259894,31098,0.216,0,0,0.0,10393,22130,0.154,0,0,0.0,268,428,0.003,212,105,0.001,94281,58796,0.408,0,0,1,0,0,0,0,0,0,0
265,Stage 5,RG20,195,0.5,Whole Building,Commercial,Mixed New Build/Refurb,1,No,None,Reinforced Pads/Strips,Other,Steel Frame/Timber,Masonry Only,37018,43283,46172,41976,189.8,222.0,236.8,215.3,3500,0.081,160965,21554,0.498,0,0,0.0,3,7,0.0,0,0,0.0,10900,17419,0.402,2268,803,0.019,0,0,0.0,1,0,0,0,0,0,0,0,0,0
266,Stage 3,OX49,175,0.5,Whole Building,Residential (Single),New Build (Greenfield),2,No,None,Mass Pads/Strips,Ground Bearing RC,Steel Frame/Composite,Timber Only,60563,70649,77194,63355,346.1,403.7,441.1,362.0,3500,0.05,231140,30951,0.438,0,0,0.0,8015,17067,0.242,2420,7512,0.106,3630,5801,0.082,14319,5072,0.072,0,0,0.0,0,0,0,0,0,0,0,0,1,0
267,Stage 2,OX2,1416,13.0,Whole Building,Educational,New Build (Brownfield),6,Yes,Full Footprint,Piles (Pile Caps),Ground Bearing RC,Timber Frame (Glulam/CLT),Masonry Only,232317,371450,386369,312176,164.1,262.3,272.9,220.5,91000,0.245,559371,71553,0.193,0,0,0.0,28896,61529,0.166,1000,4729,0.013,5796,9263,0.025,0,0,0.0,220902,133376,0.359,0,0,1,0,0,0,0,0,0,0
268,Stage 3,PE21,3037,17.5,Whole Building,Healthcare,New Build (Brownfield),2,No,None,Piles (Pile Caps),Ground Bearing RC,Concrete (Precast),Masonry/SFS,799374,985558,1027869,878153,263.2,324.5,338.4,289.2,122500,0.124,2993766,400789,0.407,0,0,0.0,143307,305148,0.31,4663,14475,0.015,89259,142646,0.145,0,0,0.0,0,0,0.0,0,0,0,1,0,0,0,0,0,0
269,Stage 3,CV11,272,3.2,Whole Building,Cultural/Public,New Build (Brownfield),1,No,None,Piled Ground Beams,Suspended RC,Other,Other,154521,190597,199719,176658,568.1,700.7,734.3,649.5,22400,0.118,785280,100533,0.527,0,0,0.0,25650,54617,0.287,33,102,0.001,8100,12945,0.068,0,0,0.0,0,0,0.0,0,1,0,0,0,0,0,0,0,0
270,Stage 3,GU22,328,2.5,Whole Building,Educational,Mixed New Build/Refurb,3,No,None,Mass Pads/Strips,Suspended Precast,Timber Frame (Glulam/CLT),Masonry/SFS,56111,87974,95808,90219,171.1,268.2,292.1,275.1,17500,0.199,269736,39311,0.447,0,0,0.0,564,1201,0.014,0,0,0.0,886,1415,0.016,0,0,0.0,40373,28547,0.324,0,0,1,0,0,0,0,0,0,0
271,Stage 2,HP1,3039,7.6,Whole Building,Educational,New Build (Greenfield),3,No,None,Mass Pads/Strips,Ground Bearing RC,Timber Frame (Glulam/CLT),Masonry Only,368464,512823,556718,455951,121.2,168.7,183.2,150.0,53200,0.104,1434410,168039,0.328,0,0,0.0,6499,13838,0.027,0,0,0.0,6150,9829,0.019,3969,1973,0.004,431110,265944,0.519,0,0,1,0,0,0,0,0,0,0
272,Stage 2,KT13,23,0.3,Whole Building,Residential (Single),New Build (Greenfield),1,No,None,Other,Suspended RC,Steel Frame/Timber,Timber/SFS,5055,7604,7939,6886,219.8,330.6,345.2,299.4,2100,0.276,12420,1663,0.219,0,0,0.0,621,1322,0.174,0,0,0.0,1322,2113,0.278,225,112,0.015,300,294,0.039,0,0,0,0,0,0,0,0,1,0
273,Stage 2,SE15,2994,7.5,Whole Building,Residential (Multi),New Build (Greenfield),7,No,None,Piles (Pile Caps),Ground Bearing RC,Concrete (In-Situ),Masonry Only,637460,745603,783426,660004,212.9,249.0,261.7,220.4,52500,0.07,2682995,359273,0.482,0,0,0.0,155495,331101,0.444,0,0,0.0,1708,2730,0.004,0,0,0.0,0,0,0.0,0,0,0,0,0,0,0,1,0,0
274,Stage 2,SE15,3146,8.0,Whole Building,Residential (Multi),New Build (Greenfield),6,No,None,Piles (Pile Caps),Suspended RC,Concrete (In-Situ),Masonry/Stone,786221,910766,955134,799874,249.9,289.5,303.6,254.3,56000,0.061,3258101,436284,0.479,0,0,0.0,196532,418482,0.459,0,0,0.0,0,0,0.0,0,0,0.0,0,0,0.0,0,0,0,0,0,0,0,1,0,0
275,Stage 2,SE15,4940,8.0,Whole Building,Residential (Multi),New Build (Greenfield),5,No,None,Piles (Pile Caps),Ground Bearing RC,Concrete (In-Situ),Masonry/Stone,1731479,1938806,2030487,1692893,350.5,392.5,411.0,342.7,56000,0.029,7265239,972869,0.502,0,0,0.0,427334,909936,0.469,0,0,0.0,0,0,0.0,0,0,0.0,0,0,0.0,0,0,0,0,0,0,0,1,0,0
